"2","1","14","77","1","1980-01-2723:27:36"
"3","2","49","150","2","1987-04-0622:28:04"
"4","3","43","127","3","2010-10-1720:08:49"
"5","4","20","129","4","1982-06-2118:31:18"
"6","5","43","150","5","1972-03-1310:03:06"
"7","6","24","8","6","1999-06-0308:59:16"
"8","7","38","62","7","1988-09-2106:59:39"
"9","8","21","103","8","1993-03-2715:44:58"
"10","9","8","170","9","1975-11-3015:14:25"
"11","10","28","93","10","1993-09-0121:44:27"
"12","11","39","179","11","2002-05-0607:59:03"
"13","12","37","172","12","2000-11-0705:50:09"
"14","13","4","95","13","2006-11-2518:44:30"
"15","14","33","112","14","2004-11-2801:12:50"
"16","15","5","130","15","1982-06-0904:21:01"
"17","16","8","199","16","1992-05-2420:21:56"
"18","17","43","133","17","1984-11-0713:25:28"
"19","18","18","100","18","2021-09-2122:07:08"
"20","19","37","125","19","1976-09-3013:54:17"
"1","20","24","7","20","2019-01-0809:45:48"
"2","21","15","11","21","2001-09-1606:55:12"
"3","22","43","180","22","2014-02-0114:20:35"
"4","23","30","157","23","2000-01-0316:32:32"
"5","24","20","148","24","2017-05-2804:45:04"
"6","25","8","165","25","2016-12-0516:43:21"
"7","26","25","43","26","1986-11-2201:45:54"
"8","27","0","58","27","1989-03-2620:25:51"
"9","28","10","197","28","1978-05-2415:04:30"
"10","29","47","138","29","1979-06-1408:35:44"
"11","30","11","140","30","1990-08-2300:01:51"
"12","31","26","103","31","1996-08-1105:20:41"
"13","32","48","88","32","1979-09-2118:56:08"
"14","33","18","147","33","2000-05-1401:25:05"
"15","34","46","117","34","2001-03-1011:49:01"
"16","35","33","68","35","2004-08-1204:16:17"
"17","36","31","140","36","1975-06-2612:46:02"
"18","37","0","186","37","1973-07-1412:47:37"
"19","38","40","98","38","1994-05-0704:36:10"
"20","39","26","189","39","2003-03-0422:57:50"
"1","40","26","33","40","1994-07-1518:53:22"
"2","41","28","199","41","2006-09-0308:00:48"
"3","42","21","52","42","1987-07-3101:07:26"
"4","43","24","14","43","1978-09-1917:15:50"
"5","44","29","93","44","2007-12-2410:07:21"
"6","45","10","141","45","2012-07-2222:25:29"
"7","46","21","129","46","2017-03-0216:34:55"
"8","47","41","124","47","2004-04-0901:13:25"
"9","48","21","91","48","1987-07-0616:58:30"
"10","49","0","88","49","1981-06-3009:58:29"
"11","50","27","137","50","2018-12-0501:10:52"
"12","51","40","159","51","1987-12-1107:41:53"
"13","52","16","156","52","2002-07-1323:41:36"
"14","53","30","117","53","2007-02-2413:55:03"
"15","54","41","7","54","1992-03-1214:36:16"
"16","55","32","58","55","1984-04-0715:37:28"
"17","56","28","45","56","2021-06-1322:38:58"
"18","57","9","149","57","2017-12-1619:57:55"
"19","58","40","23","58","2021-04-0719:08:06"
"20","59","40","141","59","1977-09-0211:28:44"
"1","60","1","65","60","1971-02-1023:52:44"
"2","61","3","172","61","2015-05-0107:29:57"
"3","62","44","21","62","1989-02-1003:41:32"
"4","63","23","4","63","2018-04-0104:17:44"
"5","64","38","3","64","2001-12-1518:06:32"
"6","65","14","193","65","2009-05-0509:55:50"
"7","66","13","63","66","2011-12-2506:09:28"
"8","67","40","28","67","2002-03-2411:00:27"
"9","68","9","159","68","2009-10-0320:14:49"
"10","69","14","88","69","1997-09-2320:19:34"
"11","70","8","17","70","2009-10-1208:35:39"
"12","71","13","40","71","1993-03-0521:09:36"
"13","72","48","135","72","1988-05-2413:47:17"
"14","73","33","43","73","2018-05-0417:33:26"
"15","74","33","69","74","1970-06-1405:49:32"
"16","75","15","182","75","2002-12-1223:23:31"
"17","76","35","116","76","1987-01-1304:36:30"
"18","77","25","82","77","2018-01-0702:11:53"
"19","78","5","121","78","1975-10-1309:21:22"
"20","79","15","6","79","2012-02-0609:21:33"
"1","80","17","98","80","1973-06-2607:07:32"
"2","81","40","107","81","1975-05-2008:18:34"
"3","82","13","48","82","2006-07-2523:34:45"
"4","83","12","27","83","1985-03-1806:18:27"
"5","84","26","186","84","1985-07-2712:11:05"
"6","85","49","53","85","1990-10-0420:59:24"
"7","86","22","155","86","1973-03-0215:14:48"
"8","87","11","5","87","1974-01-1312:51:05"
"9","88","20","4","88","2008-01-2908:09:20"
"10","89","1","37","89","2014-08-0123:21:38"
"11","90","49","184","90","2021-07-2808:43:29"
"12","91","22","41","91","2010-02-1101:08:45"
"13","92","25","180","92","2016-07-1701:50:29"
"14","93","21","173","93","1992-12-3100:39:15"
"15","94","42","139","94","1971-05-0222:35:21"
"16","95","50","56","95","2004-08-2005:07:14"
"17","96","40","161","96","1976-07-1409:00:31"
"18","97","26","177","97","1977-03-1915:47:07"
"19","98","11","115","98","1979-08-0401:28:16"
"20","99","33","134","99","2010-01-1809:57:36"
"1","100","20","7","100","2019-02-1602:39:37"
"2","101","29","172","101","2006-02-1010:56:47"
"3","102","33","82","102","2013-03-2923:39:09"
"4","103","21","161","103","1986-01-1012:45:52"
"5","104","37","15","104","2010-10-0910:34:02"
"6","105","6","76","105","1989-03-0918:18:52"
"7","106","44","54","106","1988-05-0402:28:51"
"8","107","15","12","107","2003-03-0413:10:04"
"9","108","43","18","108","1977-04-1510:41:00"
"10","109","15","19","109","1993-12-0807:19:55"
"11","110","38","76","110","1980-10-0613:54:22"
"12","111","21","40","111","1998-12-2015:27:09"
"13","112","12","144","112","1981-05-2803:50:31"
"14","113","0","33","113","1984-11-1619:48:59"
"15","114","44","143","114","2000-09-2204:08:27"
"16","115","30","9","115","2009-09-1202:26:44"
"17","116","49","55","116","1991-04-1102:57:28"
"18","117","23","145","117","1990-12-1614:00:04"
"19","118","42","43","118","1979-03-3121:43:34"
"20","119","36","199","119","1987-06-1911:42:59"
"1","120","26","159","120","1971-07-0620:18:50"
"2","121","19","9","121","2006-09-1005:49:51"
"3","122","17","51","122","2005-02-0906:34:55"
"4","123","10","25","123","1978-05-2119:48:50"
"5","124","34","146","124","1971-01-3020:25:26"
"6","125","30","110","125","2020-05-0123:12:15"
"7","126","25","49","126","2002-07-2208:34:42"
"8","127","48","26","127","1995-03-2314:36:36"
"9","128","19","170","128","1979-04-0318:10:04"
"10","129","25","75","129","1997-07-0812:32:52"
"11","130","0","127","130","2004-06-2507:29:14"
"12","131","31","83","131","2020-04-0112:40:55"
"13","132","46","102","132","1989-07-2107:37:59"
"14","133","0","72","133","1974-06-0116:47:00"
"15","134","10","40","134","2021-07-1001:49:35"
"16","135","41","83","135","2013-09-2009:49:32"
"17","136","40","144","136","1982-02-1008:24:33"
"18","137","17","34","137","1992-06-2906:03:09"
"19","138","10","109","138","2000-12-2202:05:36"
"20","139","34","68","139","2004-10-1306:29:22"
"1","140","42","24","140","1976-02-0120:28:55"
"2","141","47","97","141","1978-01-1722:50:18"
"3","142","17","140","142","1977-03-1518:30:17"
"4","143","27","175","143","2018-01-0420:14:35"
"5","144","39","124","144","1997-06-2207:43:33"
"6","145","12","136","145","1977-01-3105:40:26"
"7","146","37","16","146","2004-05-1612:56:12"
"8","147","4","10","147","1991-01-2603:24:02"
"9","148","8","34","148","2011-04-1317:59:38"
"10","149","46","42","149","1994-09-2518:43:23"
"11","150","10","137","150","1991-12-2210:29:54"
"12","151","38","68","151","1986-02-2504:00:57"
"13","152","30","85","152","2013-10-1119:40:34"
"14","153","43","129","153","2015-04-1308:42:45"
"15","154","18","65","154","2006-06-1515:15:16"
"16","155","17","86","155","2013-02-1820:55:10"
"17","156","14","29","156","2013-01-1016:14:33"
"18","157","44","60","157","2016-06-0709:54:09"
"19","158","39","154","158","1973-06-1010:55:22"
"20","159","45","183","159","2002-07-1111:47:15"
"1","160","6","125","160","2005-01-2801:24:55"
"2","161","28","148","161","1982-08-2304:14:15"
"3","162","5","197","162","1992-06-2317:49:19"
"4","163","2","82","163","2007-06-1205:31:17"
"5","164","3","104","164","1990-01-0221:23:19"
"6","165","44","97","165","1997-07-0116:18:43"
"7","166","42","37","166","1970-01-0513:52:12"
"8","167","17","32","167","1992-09-2710:47:08"
"9","168","31","29","168","2020-05-2106:27:49"
"10","169","40","150","169","1980-10-1121:19:14"
"11","170","3","96","170","2003-04-2603:23:43"
"12","171","28","146","171","1977-10-1421:58:23"
"13","172","28","57","172","1989-07-0701:43:05"
"14","173","48","20","173","2010-01-2317:11:19"
"15","174","18","68","174","1989-05-2723:50:38"
"16","175","28","75","175","2004-10-2203:42:01"
"17","176","47","136","176","1971-03-0406:54:54"
"18","177","23","29","177","1983-02-0923:40:55"
"19","178","5","70","178","1987-01-0205:27:32"
"20","179","42","11","179","1992-07-1500:07:25"
"1","180","0","75","180","1987-07-2506:59:36"
"2","181","34","157","181","1992-11-0204:24:35"
"3","182","4","3","182","2008-01-2314:47:34"
"4","183","5","105","183","1986-10-2717:20:20"
"5","184","9","10","184","2017-12-1918:19:00"
"6","185","40","61","185","1992-04-0322:35:58"
"7","186","21","150","186","1981-03-2212:35:45"
"8","187","5","41","187","1986-12-1812:34:31"
"9","188","8","115","188","1975-08-2512:01:19"
"10","189","12","174","189","1980-07-3012:05:13"
"11","190","38","40","190","2018-02-0704:09:39"
"12","191","22","26","191","1973-12-2519:09:39"
"13","192","41","96","192","2021-06-1208:51:51"
"14","193","46","138","193","2021-05-0503:18:15"
"15","194","28","75","194","2005-02-2118:47:48"
"16","195","36","64","195","2011-04-0422:25:05"
"17","196","16","122","196","2019-08-3106:05:25"
"18","197","10","25","197","2007-09-0221:43:11"
"19","198","16","166","198","1978-08-0703:03:17"
"20","199","1","10","199","1984-09-2406:01:55"
"1","200","40","2","200","2001-06-0101:56:51"
"2","201","37","75","201","1984-05-2922:37:24"
"3","202","16","152","202","2001-01-0612:22:19"
"4","203","20","115","203","1992-01-1312:54:54"
"5","204","20","80","204","1984-04-2723:13:27"
"6","205","3","16","205","2021-03-2919:14:50"
"7","206","49","81","206","1981-03-1920:30:06"
"8","207","49","153","207","1986-08-0220:05:16"
"9","208","5","116","208","1988-07-2502:59:22"
"10","209","11","64","209","2000-07-1203:19:41"
"11","210","31","200","210","2016-02-0115:17:09"
"12","211","45","199","211","2017-10-2122:17:29"
"13","212","44","138","212","1974-03-2018:27:59"
"14","213","24","176","213","1986-03-0405:35:12"
"15","214","18","169","214","1974-06-2215:54:07"
"16","215","9","66","215","2010-09-1811:15:46"
"17","216","10","138","216","2002-01-2412:34:16"
"18","217","10","78","217","1993-01-0210:07:07"
"19","218","18","63","218","2017-05-3118:51:17"
"20","219","41","20","219","1986-07-0408:31:06"
"1","220","4","71","220","1997-03-1823:47:58"
"2","221","22","192","221","1981-09-2320:54:11"
"3","222","33","23","222","1985-03-1803:58:03"
"4","223","32","147","223","1984-02-1823:26:38"
"5","224","48","86","224","1970-07-2601:56:41"
"6","225","19","58","225","2006-11-1202:46:43"
"7","226","2","78","226","2009-09-0318:59:55"
"8","227","9","83","227","2020-01-0619:38:32"
"9","228","40","81","228","1983-02-0106:36:25"
"10","229","45","148","229","1990-03-2708:49:05"
"11","230","12","77","230","1990-03-1106:02:59"
"12","231","5","85","231","2004-11-0316:38:01"
"13","232","31","139","232","1983-10-1523:22:32"
"14","233","41","148","233","2015-07-3108:40:57"
"15","234","4","152","234","2012-07-0317:19:48"
"16","235","11","62","235","1994-11-1113:45:00"
"17","236","41","5","236","1993-08-2118:54:17"
"18","237","20","62","237","2013-08-1712:40:39"
"19","238","13","18","238","1987-08-2501:34:43"
"20","239","44","141","239","1998-04-0806:06:22"
"1","240","37","18","240","1992-10-2910:10:33"
"2","241","1","19","241","1975-07-1110:10:10"
"3","242","0","162","242","1989-07-2419:29:02"
"4","243","38","74","243","2009-09-1216:47:53"
"5","244","25","91","244","2020-10-3115:54:21"
"6","245","44","120","245","1992-06-0320:40:03"
"7","246","5","39","246","2016-06-2600:40:17"
"8","247","39","128","247","1971-12-3011:23:55"
"9","248","3","83","248","1973-07-1416:15:29"
"10","249","48","130","249","1973-09-1800:45:07"
"11","250","8","170","250","2016-09-2016:54:43"
"12","251","39","45","251","1987-12-2922:51:31"
"13","252","7","38","252","1991-12-2906:32:42"
"14","253","15","81","253","1973-10-2103:17:22"
"15","254","36","27","254","1998-08-0408:38:33"
"16","255","42","131","255","1983-12-1000:09:48"
"17","256","15","154","256","2007-06-2322:11:33"
"18","257","45","32","257","1985-07-2018:17:26"
"19","258","7","52","258","2009-01-0811:13:15"
"20","259","46","139","259","2006-10-0218:06:17"
"1","260","1","184","260","2006-10-1509:24:54"
"2","261","16","199","261","2001-11-2307:01:48"
"3","262","41","159","262","1985-01-1507:59:28"
"4","263","46","172","263","1973-06-0620:05:42"
"5","264","43","141","264","1998-06-0718:08:07"
"6","265","35","191","265","2012-11-1114:52:44"
"7","266","9","52","266","1973-05-1400:59:38"
"8","267","22","76","267","1993-09-2103:10:02"
"9","268","8","137","268","1992-06-1421:09:11"
"10","269","36","12","269","2012-03-2420:09:35"
"11","270","12","170","270","2013-10-1906:54:14"
"12","271","39","64","271","1999-01-1202:26:25"
"13","272","34","16","272","1980-11-0104:49:38"
"14","273","41","114","273","1983-09-0723:46:09"
"15","274","28","110","274","2002-01-0323:30:15"
"16","275","27","64","275","1972-06-1008:31:08"
"17","276","43","112","276","1973-03-2010:59:11"
"18","277","23","137","277","2012-04-2017:01:01"
"19","278","20","2","278","1998-08-1015:30:30"
"20","279","8","86","279","1976-02-2913:44:23"
"1","280","24","66","280","1987-07-0616:13:23"
"2","281","40","6","281","1971-03-2007:59:51"
"3","282","47","165","282","1981-05-1909:37:32"
"4","283","49","106","283","2004-05-1010:31:22"
"5","284","0","146","284","2002-03-1023:08:09"
"6","285","35","15","285","2003-08-3010:57:50"
"7","286","29","90","286","1978-08-1900:00:21"
"8","287","30","35","287","1999-04-0223:44:06"
"9","288","7","32","288","1976-03-0722:46:26"
"10","289","42","66","289","2015-11-1412:33:06"
"11","290","20","70","290","1992-10-1002:19:49"
"12","291","20","144","291","2012-01-2505:22:57"
"13","292","31","44","292","2002-11-2207:11:06"
"14","293","11","22","293","1994-09-2205:16:56"
"15","294","0","124","294","2000-03-2103:04:04"
"16","295","27","45","295","2011-04-2700:44:32"
"17","296","25","81","296","2018-08-1015:11:56"
"18","297","47","166","297","1983-05-0500:56:46"
"19","298","47","112","298","1996-05-2510:23:06"
"20","299","32","175","299","2016-05-0318:05:00"
"1","300","11","187","300","1982-01-1402:05:54"
"2","301","16","61","301","1993-03-0501:25:40"
"3","302","35","126","302","1980-12-1213:23:46"
"4","303","48","122","303","1973-01-2009:43:02"
"5","304","36","57","304","1980-12-1410:45:48"
"6","305","17","105","305","1971-12-2405:28:35"
"7","306","31","143","306","1983-07-0107:08:16"
"8","307","46","186","307","2011-03-2918:31:15"
"9","308","14","167","308","1990-06-1307:07:33"
"10","309","11","165","309","2002-09-1307:40:41"
"11","310","47","12","310","2006-12-0418:37:47"
"12","311","39","18","311","1997-03-2501:36:31"
"13","312","33","130","312","2020-07-2105:44:50"
"14","313","8","94","313","1972-09-1617:16:18"
"15","314","39","130","314","2019-09-3011:03:23"
"16","315","15","52","315","2005-11-1106:00:21"
"17","316","35","76","316","1972-01-1510:14:39"
"18","317","43","76","317","2004-06-0122:52:26"
"19","318","19","141","318","1992-04-0221:27:48"
"20","319","35","42","319","1982-02-2604:19:23"
"1","320","37","179","320","2003-12-1210:06:44"
"2","321","30","118","321","2017-02-2821:51:51"
"3","322","43","21","322","2019-03-1710:31:28"
"4","323","45","31","323","2010-08-1300:20:13"
"5","324","49","155","324","1976-07-0414:57:07"
"6","325","29","131","325","1982-08-1521:50:36"
"7","326","9","96","326","2014-06-2221:41:21"
"8","327","12","39","327","2006-05-2607:05:32"
"9","328","11","109","328","1984-10-2912:44:38"
"10","329","36","145","329","2010-05-0523:34:27"
"11","330","40","193","330","2017-08-1010:07:58"
"12","331","25","13","331","2016-08-2518:21:52"
"13","332","20","174","332","1975-05-0506:27:23"
"14","333","32","183","333","2003-04-2216:14:55"
"15","334","19","89","334","1984-12-1001:00:13"
"16","335","43","131","335","2003-07-0415:49:10"
"17","336","27","42","336","1987-03-2617:23:27"
"18","337","2","186","337","1978-10-0409:17:43"
"19","338","4","134","338","1979-05-2009:23:48"
"20","339","32","65","339","2018-08-2722:31:36"
"1","340","13","25","340","2002-07-0608:10:53"
"2","341","46","188","341","1989-08-1109:10:13"
"3","342","49","21","342","1970-07-3111:16:02"
"4","343","49","35","343","2019-06-1314:49:21"
"5","344","31","198","344","2008-08-1501:20:12"
"6","345","35","168","345","1983-10-1909:36:46"
"7","346","4","179","346","1976-09-2313:18:28"
"8","347","43","113","347","1979-04-0405:29:09"
"9","348","49","61","348","1986-02-2611:08:11"
"10","349","48","97","349","2010-05-2809:45:07"
"11","350","20","110","350","1974-06-2413:09:49"
"12","351","46","42","351","1993-05-0602:59:07"
"13","352","22","83","352","2002-06-0604:36:13"
"14","353","31","32","353","2006-03-2014:40:22"
"15","354","49","124","354","2019-08-0811:09:29"
"16","355","6","54","355","2018-07-1917:59:54"
"17","356","30","110","356","1981-01-0300:08:10"
"18","357","20","136","357","2001-03-2512:14:01"
"19","358","33","30","358","1988-05-2014:41:50"
"20","359","14","75","359","2004-08-1319:16:16"
"1","360","19","63","360","1970-03-2720:59:17"
"2","361","28","191","361","1982-12-0308:28:04"
"3","362","49","1","362","1992-09-2523:33:55"
"4","363","27","48","363","1991-10-0919:48:24"
"5","364","29","112","364","1984-03-2409:02:41"
"6","365","1","5","365","1981-04-1506:33:38"
"7","366","49","160","366","1983-05-2410:30:29"
"8","367","12","155","367","1983-03-2902:41:50"
"9","368","10","66","368","1977-07-2617:24:15"
"10","369","14","44","369","1975-09-2319:11:36"
"11","370","27","37","370","1973-03-3022:28:31"
"12","371","13","51","371","2004-06-1622:24:31"
"13","372","29","79","372","1996-01-2507:38:28"
"14","373","12","193","373","2008-11-1921:56:35"
"15","374","22","174","374","1977-06-2511:36:33"
"16","375","27","43","375","1975-12-2307:52:05"
"17","376","25","91","376","1990-06-2915:56:46"
"18","377","43","107","377","2017-04-0304:35:08"
"19","378","39","31","378","1976-10-1718:40:03"
"20","379","29","53","379","1985-11-1512:37:46"
"1","380","10","98","380","1994-01-1917:51:06"
"2","381","41","72","381","2013-12-0504:18:34"
"3","382","46","27","382","1993-10-0304:11:26"
"4","383","6","6","383","2018-05-1206:58:36"
"5","384","38","145","384","1996-07-0704:30:20"
"6","385","27","3","385","1974-06-0702:29:21"
"7","386","49","75","386","1996-02-2620:42:41"
"8","387","38","172","387","1981-11-2115:09:12"
"9","388","49","185","388","2003-05-0414:24:00"
"10","389","6","166","389","1991-12-0308:52:23"
"11","390","25","19","390","1978-04-1406:13:06"
"12","391","29","95","391","2014-10-2710:30:34"
"13","392","22","79","392","2016-04-1211:15:56"
"14","393","34","128","393","2013-02-1610:45:25"
"15","394","38","91","394","2018-09-2621:35:27"
"16","395","16","135","395","1977-09-1012:54:18"
"17","396","6","0","396","1976-05-1004:22:59"
"18","397","36","113","397","2011-07-0301:42:55"
"19","398","17","115","398","2017-09-2210:32:05"
"20","399","27","78","399","2013-02-2117:07:54"
"1","400","17","102","400","1993-12-0318:19:13"
"2","401","37","200","401","2012-01-2311:25:26"
"3","402","29","174","402","1981-01-1613:29:56"
"4","403","5","126","403","1983-12-0705:31:48"
"5","404","46","165","404","2012-09-1610:16:11"
"6","405","19","96","405","1982-08-1007:32:24"
"7","406","28","52","406","2013-01-2403:45:22"
"8","407","14","0","407","2009-08-0902:24:55"
"9","408","30","162","408","1974-01-0301:15:52"
"10","409","45","184","409","1993-09-2015:14:07"
"11","410","42","189","410","1982-06-2018:44:47"
"12","411","26","186","411","1998-09-0918:05:01"
"13","412","47","50","412","1971-03-2316:53:27"
"14","413","30","118","413","1985-12-3117:16:18"
"15","414","20","132","414","1991-11-1312:22:45"
"16","415","36","190","415","1986-07-0307:01:22"
"17","416","35","78","416","2001-08-1319:50:16"
"18","417","23","43","417","1988-05-2414:21:20"
"19","418","34","158","418","2007-12-0608:29:40"
"20","419","10","135","419","1991-05-0407:19:29"
"1","420","26","92","420","2014-06-2607:04:23"
"2","421","34","0","421","1973-01-3102:40:07"
"3","422","29","99","422","1983-01-2901:21:43"
"4","423","49","109","423","2017-01-1516:39:27"
"5","424","17","103","424","1991-04-2923:25:41"
"6","425","29","159","425","2012-02-1821:56:10"
"7","426","35","187","426","1983-09-3017:04:50"
"8","427","3","191","427","1970-05-0703:39:27"
"9","428","38","126","428","1983-09-0412:45:46"
"10","429","32","63","429","2009-01-2411:27:36"
"11","430","14","166","430","1994-02-0817:40:32"
"12","431","1","161","431","1999-07-0910:56:45"
"13","432","36","104","432","2013-09-1016:52:13"
"14","433","7","161","433","1983-12-1604:34:09"
"15","434","39","162","434","1975-07-0607:59:56"
"16","435","40","101","435","1974-11-2723:20:48"
"17","436","43","69","436","2008-02-1604:43:31"
"18","437","39","45","437","1988-04-1311:34:03"
"19","438","41","18","438","1979-05-2016:57:04"
"20","439","30","198","439","1983-11-1802:57:00"
"1","440","17","2","440","1980-10-2622:37:55"
"2","441","40","67","441","2003-11-1902:06:50"
"3","442","21","181","442","2001-11-3011:48:19"
"4","443","27","175","443","1999-07-0913:47:34"
"5","444","7","77","444","1972-06-2214:50:45"
"6","445","42","118","445","2001-08-0423:03:44"
"7","446","24","66","446","1986-05-3020:56:49"
"8","447","23","43","447","2004-08-0119:23:12"
"9","448","2","130","448","1999-12-3013:06:23"
"10","449","26","69","449","1997-07-1600:47:59"
"11","450","38","25","450","2005-04-1007:35:12"
"12","451","21","151","451","1983-01-0922:21:23"
"13","452","18","17","452","1997-01-2703:08:22"
"14","453","33","17","453","1990-11-2803:13:45"
"15","454","1","113","454","2017-12-1614:07:37"
"16","455","25","42","455","1992-09-2104:57:08"
"17","456","48","181","456","1970-12-2016:08:23"
"18","457","35","41","457","2015-09-0910:55:04"
"19","458","20","23","458","1985-09-1408:42:43"
"20","459","35","162","459","1988-05-0201:34:22"
"1","460","30","70","460","2021-03-2118:52:45"
"2","461","10","77","461","2020-04-1916:18:54"
"3","462","10","135","462","1989-10-0222:17:18"
"4","463","45","60","463","2008-03-3115:08:24"
"5","464","13","85","464","1988-08-0105:34:15"
"6","465","3","17","465","2002-07-2518:32:18"
"7","466","42","178","466","2020-11-1523:55:37"
"8","467","33","133","467","2008-06-0113:04:32"
"9","468","23","94","468","1996-07-2722:36:55"
"10","469","28","130","469","1981-11-0116:08:51"
"11","470","2","188","470","2020-11-1418:32:18"
"12","471","15","43","471","2009-06-2416:08:39"
"13","472","37","167","472","1999-01-2000:32:18"
"14","473","41","182","473","1989-10-0618:49:31"
"15","474","13","142","474","2020-08-0222:02:22"
"16","475","31","91","475","2017-05-0701:37:21"
"17","476","11","189","476","1994-12-1801:41:45"
"18","477","28","100","477","2011-02-1606:55:27"
"19","478","8","102","478","1981-07-0413:55:26"
"20","479","40","123","479","1988-06-2303:18:46"
"1","480","44","66","480","2001-02-0401:58:28"
"2","481","16","156","481","1992-07-2910:24:07"
"3","482","11","183","482","1997-09-2621:49:54"
"4","483","49","66","483","1997-12-2223:08:14"
"5","484","36","156","484","1982-02-2706:58:14"
"6","485","43","62","485","1995-06-0601:32:52"
"7","486","1","169","486","2021-06-1407:37:06"
"8","487","20","159","487","1974-10-2118:14:30"
"9","488","47","81","488","1994-05-2009:26:28"
"10","489","47","110","489","1983-04-2119:11:24"
"11","490","12","194","490","2004-01-0800:28:09"
"12","491","9","68","491","2000-12-2300:48:35"
"13","492","32","18","492","1974-07-0622:46:42"
"14","493","8","187","493","2011-01-2220:02:13"
"15","494","22","148","494","1983-07-0716:08:02"
"16","495","46","148","495","1993-05-1922:32:19"
"17","496","7","186","496","1975-10-1421:16:00"
"18","497","48","155","497","1979-04-2113:11:39"
"19","498","23","67","498","2014-08-2120:20:19"
"20","499","8","134","499","2001-02-1812:46:58"
"1","500","39","35","500","1970-12-1322:58:51"
"2","501","45","35","501","1972-04-0211:55:34"
"3","502","22","183","502","1984-08-1621:40:40"
"4","503","15","92","503","2021-04-0722:55:31"
"5","504","20","192","504","2004-03-0705:07:04"
"6","505","5","61","505","2013-05-1120:30:31"
"7","506","10","183","506","2000-07-1007:00:42"
"8","507","34","183","507","2001-05-0417:27:18"
"9","508","3","78","508","1975-06-1602:11:16"
"10","509","11","27","509","1985-03-2503:32:55"
"11","510","16","101","510","2011-06-1517:59:42"
"12","511","47","126","511","2008-10-2620:54:26"
"13","512","48","25","512","2017-01-0804:11:20"
"14","513","2","47","513","2011-08-0220:43:20"
"15","514","41","14","514","2001-08-1415:00:03"
"16","515","1","152","515","2012-07-2219:34:21"
"17","516","11","192","516","1998-08-1907:29:23"
"18","517","1","174","517","2017-10-2114:46:49"
"19","518","36","126","518","1983-03-2809:48:54"
"20","519","41","135","519","1977-06-0209:08:15"
"1","520","49","185","520","2005-12-1919:58:10"
"2","521","22","156","521","1993-09-1513:23:07"
"3","522","33","87","522","2008-10-3021:04:39"
"4","523","6","70","523","1974-02-1417:38:13"
"5","524","35","156","524","1971-10-1122:46:50"
"6","525","4","44","525","2000-10-1112:24:11"
"7","526","20","56","526","1993-11-1909:09:02"
"8","527","25","59","527","1992-02-2521:05:15"
"9","528","19","115","528","2017-02-0515:37:32"
"10","529","8","192","529","1988-12-0510:41:14"
"11","530","12","59","530","2002-02-0117:24:54"
"12","531","23","72","531","2020-03-2319:21:47"
"13","532","29","140","532","2009-01-1315:10:49"
"14","533","10","99","533","2003-07-0513:02:27"
"15","534","36","115","534","2019-09-0613:28:00"
"16","535","16","66","535","1982-12-0605:05:28"
"17","536","30","127","536","1994-01-0305:28:14"
"18","537","46","28","537","2017-01-2820:25:24"
"19","538","4","54","538","2016-10-3108:56:48"
"20","539","0","11","539","1983-12-0810:52:59"
"1","540","43","1","540","2000-07-3000:58:06"
"2","541","16","122","541","2006-01-2003:59:51"
"3","542","43","98","542","2009-10-0817:48:07"
"4","543","14","148","543","1984-01-1809:20:52"
"5","544","20","50","544","1975-11-1921:51:28"
"6","545","45","40","545","1973-11-2319:20:27"
"7","546","33","194","546","1991-01-0204:48:33"
"8","547","40","38","547","1983-06-0710:27:51"
"9","548","0","7","548","1985-01-1118:28:45"
"10","549","7","99","549","2007-04-0107:29:30"
"11","550","27","170","550","1987-06-2118:58:15"
"12","551","28","14","551","1983-04-0206:54:58"
"13","552","13","97","552","1977-04-1511:18:25"
"14","553","4","33","553","2006-04-0608:05:14"
"15","554","33","118","554","2018-04-2808:14:55"
"16","555","46","77","555","1989-10-0214:09:44"
"17","556","1","3","556","2004-12-1423:43:24"
"18","557","3","137","557","1988-05-1621:57:01"
"19","558","43","134","558","1982-07-0421:08:03"
"20","559","2","33","559","2006-11-0218:50:53"
"1","560","39","70","560","1974-06-0309:15:11"
"2","561","22","30","561","2010-06-2422:30:15"
"3","562","9","23","562","1986-04-1506:10:11"
"4","563","25","7","563","1985-09-2902:41:18"
"5","564","6","163","564","1975-09-0814:10:48"
"6","565","14","190","565","1972-11-0821:54:50"
"7","566","41","175","566","2000-11-0621:56:25"
"8","567","33","49","567","1983-03-0207:25:09"
"9","568","19","114","568","2019-05-1119:50:55"
"10","569","32","84","569","1995-05-0201:13:56"
"11","570","49","68","570","1998-10-3123:47:03"
"12","571","32","66","571","2015-05-2209:43:52"
"13","572","12","162","572","2001-11-0412:11:52"
"14","573","3","62","573","2015-01-2506:06:37"
"15","574","47","150","574","2019-03-1602:09:00"
"16","575","8","151","575","2001-08-2314:41:54"
"17","576","21","89","576","2000-08-0301:52:52"
"18","577","35","154","577","2021-05-3120:10:18"
"19","578","32","143","578","1999-03-2707:58:59"
"20","579","49","133","579","2020-03-2505:14:40"
"1","580","46","15","580","1994-11-0207:18:04"
"2","581","28","90","581","1972-09-2619:14:03"
"3","582","27","105","582","1986-07-2423:26:09"
"4","583","36","51","583","1982-12-1519:19:08"
"5","584","21","137","584","1970-11-2511:23:07"
"6","585","3","169","585","2019-09-0523:15:34"
"7","586","13","182","586","1984-01-2418:04:32"
"8","587","31","190","587","2011-11-2200:54:00"
"9","588","49","184","588","1982-10-3010:43:42"
"10","589","3","192","589","2002-12-0213:33:45"
"11","590","9","64","590","1986-03-2915:10:30"
"12","591","7","24","591","2012-08-1820:29:35"
"13","592","47","15","592","1974-10-0808:43:51"
"14","593","43","52","593","2018-08-2421:10:51"
"15","594","43","109","594","1981-08-2104:59:29"
"16","595","2","11","595","2000-07-2523:24:45"
"17","596","4","163","596","1972-06-0615:17:54"
"18","597","24","131","597","1974-10-2616:13:28"
"19","598","18","128","598","1982-07-2216:04:47"
"20","599","16","25","599","1988-04-1200:45:52"
"1","600","6","10","600","1998-10-2123:49:30"
"2","601","1","136","601","2015-02-1608:56:17"
"3","602","34","113","602","2020-09-2422:48:00"
"4","603","45","32","603","1996-10-1523:53:13"
"5","604","39","101","604","2020-05-1309:07:55"
"6","605","46","181","605","1976-10-2013:55:26"
"7","606","1","114","606","2015-08-1415:12:58"
"8","607","26","188","607","1992-01-1903:38:58"
"9","608","4","69","608","2001-07-3016:19:33"
"10","609","40","64","609","1989-08-1609:55:21"
"11","610","4","83","610","2013-12-2411:10:54"
"12","611","1","77","611","1987-03-1811:59:06"
"13","612","2","98","612","1972-11-1822:04:11"
"14","613","13","187","613","2004-06-2522:25:21"
"15","614","37","80","614","1984-12-1715:39:56"
"16","615","13","33","615","1976-05-2107:44:36"
"17","616","41","97","616","2021-04-1003:57:14"
"18","617","43","29","617","2013-11-1209:20:31"
"19","618","15","173","618","2002-12-1520:43:41"
"20","619","21","24","619","2002-08-1122:50:40"
"1","620","25","62","620","2005-06-0623:12:41"
"2","621","10","142","621","1985-07-0413:01:17"
"3","622","47","84","622","1995-07-3105:44:44"
"4","623","26","86","623","1989-04-1017:17:32"
"5","624","20","200","624","2017-01-2921:43:22"
"6","625","24","149","625","2008-10-2003:05:18"
"7","626","6","26","626","1981-02-1613:25:33"
"8","627","41","167","627","1995-11-2613:36:31"
"9","628","26","114","628","1973-09-0112:30:48"
"10","629","36","143","629","2009-12-3109:17:10"
"11","630","35","148","630","1988-09-1418:26:51"
"12","631","27","133","631","1998-09-2303:35:59"
"13","632","45","7","632","1979-12-1013:16:25"
"14","633","38","74","633","1992-09-0515:36:15"
"15","634","10","40","634","2021-11-1919:57:39"
"16","635","19","94","635","2007-10-1719:45:43"
"17","636","16","133","636","1983-01-0317:04:18"
"18","637","20","24","637","1994-07-1708:35:33"
"19","638","6","88","638","1982-05-2705:17:10"
"20","639","3","147","639","1977-05-0211:54:11"
"1","640","15","11","640","2010-01-2904:58:58"
"2","641","27","166","641","2012-02-0113:03:56"
"3","642","21","80","642","1982-01-2907:42:46"
"4","643","16","76","643","1992-02-0123:31:08"
"5","644","13","90","644","1975-04-1420:46:05"
"6","645","38","83","645","1970-03-1923:34:09"
"7","646","26","191","646","2011-02-2607:04:55"
"8","647","0","128","647","2001-12-1312:10:06"
"9","648","6","134","648","2019-08-1705:10:14"
"10","649","16","38","649","2020-11-0723:18:59"
"11","650","16","186","650","1999-09-1903:58:26"
"12","651","16","200","651","2003-03-0516:00:44"
"13","652","3","146","652","1994-05-2204:29:33"
"14","653","14","115","653","1992-05-3114:33:11"
"15","654","23","122","654","1982-04-3018:21:42"
"16","655","47","93","655","1978-03-0314:09:29"
"17","656","49","189","656","1994-06-1310:07:26"
"18","657","41","97","657","2017-12-1319:38:31"
"19","658","47","20","658","1983-03-3110:07:55"
"20","659","41","148","659","1984-03-1302:25:43"
"1","660","6","14","660","2015-05-2310:34:08"
"2","661","26","12","661","2007-02-0904:28:56"
"3","662","29","125","662","2021-10-0911:36:35"
"4","663","40","64","663","2017-07-2302:41:43"
"5","664","35","62","664","2019-03-0210:00:04"
"6","665","38","146","665","1978-04-0318:13:41"
"7","666","18","86","666","2021-09-1007:37:38"
"8","667","18","164","667","2016-07-2110:32:39"
"9","668","15","103","668","1976-11-2814:52:34"
"10","669","30","118","669","1970-03-1812:56:43"
"11","670","27","87","670","2001-11-2422:54:04"
"12","671","8","129","671","1981-01-0304:27:09"
"13","672","7","7","672","1989-05-1206:40:50"
"14","673","35","64","673","2020-05-0622:52:40"
"15","674","28","56","674","2000-02-2904:31:11"
"16","675","46","34","675","2020-08-2502:22:57"
"17","676","9","28","676","1972-02-2404:12:54"
"18","677","21","196","677","1999-10-0622:15:09"
"19","678","31","186","678","2000-05-2822:58:12"
"20","679","41","12","679","2007-03-2010:02:43"
"1","680","27","25","680","1985-10-2616:59:28"
"2","681","13","174","681","1989-05-1910:29:56"
"3","682","5","182","682","1974-07-2916:47:35"
"4","683","13","52","683","1996-04-1823:15:35"
"5","684","32","17","684","1990-11-0705:53:05"
"6","685","26","146","685","1976-09-0806:51:28"
"7","686","4","164","686","2003-12-2708:57:08"
"8","687","40","18","687","2004-02-2201:34:04"
"9","688","32","55","688","1987-10-0804:46:17"
"10","689","26","44","689","1971-09-1803:15:35"
"11","690","1","110","690","2015-10-0322:27:35"
"12","691","18","151","691","2006-01-0312:05:06"
"13","692","36","124","692","1980-09-0910:42:46"
"14","693","11","72","693","1989-02-1400:48:21"
"15","694","30","51","694","2021-08-2706:31:47"
"16","695","44","126","695","2013-03-0203:01:30"
"17","696","21","60","696","1982-06-0111:55:14"
"18","697","34","115","697","1973-03-1921:46:18"
"19","698","27","93","698","1993-12-1608:29:16"
"20","699","40","48","699","1971-04-3010:52:16"
"1","700","37","123","700","1996-02-0711:14:39"
"2","701","41","18","701","2011-11-0502:28:54"
"3","702","20","65","702","1998-03-1117:19:54"
"4","703","0","51","703","2019-11-2804:06:54"
"5","704","27","191","704","1971-01-1918:10:26"
"6","705","19","197","705","1990-02-0818:40:23"
"7","706","44","131","706","1981-05-1605:55:25"
"8","707","3","124","707","1989-12-2911:43:18"
"9","708","31","103","708","2010-03-1909:49:42"
"10","709","40","130","709","1980-12-0518:52:28"
"11","710","29","148","710","2013-06-0817:24:38"
"12","711","2","108","711","1990-07-0412:08:42"
"13","712","43","90","712","1970-10-3100:43:45"
"14","713","0","117","713","1975-11-1920:22:07"
"15","714","49","48","714","1977-12-0816:14:24"
"16","715","35","76","715","2012-12-2416:09:45"
"17","716","32","176","716","2021-03-1301:47:25"
"18","717","27","1","717","2021-05-2110:12:00"
"19","718","42","30","718","1973-04-0100:29:46"
"20","719","26","77","719","1977-09-2200:18:34"
"1","720","16","191","720","1995-02-0218:58:03"
"2","721","27","198","721","2005-02-0419:27:30"
"3","722","29","165","722","1989-02-1508:44:52"
"4","723","14","141","723","2002-10-1918:00:40"
"5","724","21","134","724","2004-12-1203:39:57"
"6","725","48","138","725","1982-02-1415:33:46"
"7","726","20","132","726","1981-07-1022:05:40"
"8","727","32","154","727","2009-12-0118:02:32"
"9","728","15","148","728","1993-08-3119:46:08"
"10","729","15","115","729","1987-12-2012:56:14"
"11","730","25","33","730","2012-09-2302:55:39"
"12","731","30","113","731","1994-12-2714:19:40"
"13","732","28","35","732","2006-10-0808:59:12"
"14","733","50","197","733","2016-02-2520:32:05"
"15","734","12","41","734","1983-10-2710:06:02"
"16","735","0","162","735","1987-05-0323:07:51"
"17","736","37","108","736","2020-09-0214:21:39"
"18","737","28","169","737","1985-11-2822:36:54"
"19","738","18","9","738","1983-07-2503:46:07"
"20","739","20","107","739","1994-12-2003:41:32"
"1","740","47","72","740","2005-06-0802:17:23"
"2","741","45","168","741","1984-08-0222:06:15"
"3","742","34","192","742","1981-05-0809:03:05"
"4","743","46","4","743","2011-10-0812:32:23"
"5","744","47","23","744","2019-05-1109:20:17"
"6","745","43","23","745","1998-03-3014:23:30"
"7","746","19","1","746","1980-05-0421:53:20"
"8","747","23","68","747","2021-05-1406:23:01"
"9","748","40","69","748","1992-11-0101:47:54"
"10","749","19","200","749","2014-11-2103:08:31"
"11","750","38","162","750","2005-02-0620:12:49"
"12","751","39","123","751","1972-03-0102:07:22"
"13","752","19","86","752","2010-12-1613:04:38"
"14","753","41","116","753","1996-08-2007:56:53"
"15","754","24","29","754","2002-01-0318:23:42"
"16","755","7","90","755","1972-09-0700:37:58"
"17","756","7","106","756","1997-01-2216:18:46"
"18","757","8","4","757","2004-09-3003:08:31"
"19","758","18","66","758","1985-09-1012:57:50"
"20","759","30","32","759","1996-08-1921:35:38"
"1","760","48","73","760","2019-04-1502:55:14"
"2","761","13","105","761","2007-09-2811:27:21"
"3","762","14","131","762","2013-11-0407:12:31"
"4","763","21","189","763","1980-11-0619:27:58"
"5","764","14","176","764","2017-12-2816:48:13"
"6","765","17","110","765","1995-03-2505:40:38"
"7","766","46","198","766","2008-07-1609:37:51"
"8","767","11","124","767","1983-12-1812:29:26"
"9","768","42","183","768","2016-08-0906:57:39"
"10","769","48","125","769","1975-09-1621:45:10"
"11","770","36","102","770","2020-03-2713:29:55"
"12","771","4","108","771","1998-07-2001:03:58"
"13","772","6","16","772","2014-04-0807:17:04"
"14","773","49","52","773","2000-05-1111:09:01"
"15","774","11","38","774","1993-02-2305:28:28"
"16","775","1","186","775","2009-04-1811:28:39"
"17","776","12","26","776","2018-10-2910:58:52"
"18","777","24","39","777","2001-01-1323:34:55"
"19","778","48","198","778","1992-04-1418:18:45"
"20","779","20","25","779","2000-12-0318:41:23"
"1","780","37","166","780","2008-09-2315:18:49"
"2","781","42","47","781","2014-03-0914:19:32"
"3","782","4","0","782","2016-07-0522:41:59"
"4","783","31","109","783","2006-01-0208:14:40"
"5","784","28","13","784","1981-04-1021:55:51"
"6","785","27","55","785","2012-07-0521:17:13"
"7","786","17","108","786","2004-02-2606:44:11"
"8","787","48","12","787","1971-10-1818:22:01"
"9","788","49","166","788","2016-08-2310:36:48"
"10","789","37","26","789","2014-09-0614:47:44"
"11","790","34","141","790","2007-05-1619:13:51"
"12","791","42","107","791","1971-01-0204:57:56"
"13","792","37","171","792","1988-08-1910:09:49"
"14","793","13","30","793","2000-06-2213:11:59"
"15","794","14","175","794","2006-08-0216:59:15"
"16","795","24","45","795","2005-08-0118:02:14"
"17","796","43","180","796","2003-05-2915:25:50"
"18","797","40","12","797","1979-10-2009:52:00"
"19","798","34","54","798","1993-04-0514:33:10"
"20","799","4","164","799","1973-03-0610:19:19"
"1","800","6","99","800","1996-02-1418:17:03"
"2","801","22","171","801","1985-06-0709:19:45"
"3","802","34","75","802","2000-07-1118:51:52"
"4","803","25","130","803","1981-03-2219:36:48"
"5","804","5","100","804","1990-01-1708:29:48"
"6","805","43","155","805","1986-09-1012:47:00"
"7","806","5","122","806","1990-02-0609:25:59"
"8","807","19","38","807","2014-04-0109:59:40"
"9","808","46","157","808","2000-11-1114:41:19"
"10","809","10","179","809","2001-05-1611:58:11"
"11","810","26","42","810","1975-10-0523:17:58"
"12","811","21","65","811","1976-03-1804:40:28"
"13","812","45","190","812","2002-12-2719:44:30"
"14","813","14","137","813","1970-11-2823:57:18"
"15","814","32","126","814","1984-03-1302:30:21"
"16","815","46","139","815","1978-04-1201:03:57"
"17","816","40","54","816","2001-03-3013:44:51"
"18","817","31","194","817","1973-06-2018:53:17"
"19","818","44","86","818","1978-02-1315:00:30"
"20","819","5","124","819","2008-06-1917:44:33"
"1","820","38","2","820","1978-10-3016:55:39"
"2","821","33","186","821","2015-05-1605:16:55"
"3","822","47","88","822","2009-03-3009:41:33"
"4","823","13","181","823","2012-07-2618:06:02"
"5","824","27","14","824","1978-06-0712:16:12"
"6","825","22","160","825","1988-06-2403:05:52"
"7","826","38","76","826","1985-07-0819:15:27"
"8","827","11","25","827","2013-06-2612:15:13"
"9","828","14","130","828","2020-06-2005:04:57"
"10","829","36","69","829","1990-01-0306:06:04"
"11","830","21","63","830","1971-02-2810:27:32"
"12","831","6","37","831","2018-06-1706:34:16"
"13","832","9","65","832","1990-05-2005:04:56"
"14","833","28","104","833","1981-12-2506:27:29"
"15","834","30","161","834","2006-06-1907:52:11"
"16","835","27","14","835","1989-08-2910:07:07"
"17","836","26","155","836","2013-03-1108:01:58"
"18","837","48","38","837","2020-10-1302:49:34"
"19","838","13","105","838","2016-07-0711:59:32"
"20","839","24","71","839","1983-02-2009:16:11"
"1","840","15","178","840","1977-09-2001:39:26"
"2","841","25","68","841","2020-01-1214:39:15"
"3","842","25","54","842","2011-01-2911:39:55"
"4","843","30","94","843","2011-12-1914:37:14"
"5","844","12","120","844","2011-09-0902:20:04"
"6","845","9","86","845","1992-11-0801:40:52"
"7","846","38","155","846","1985-11-2412:49:55"
"8","847","37","46","847","1978-02-0505:34:26"
"9","848","35","148","848","1993-03-2118:44:27"
"10","849","27","115","849","2001-04-0823:48:24"
"11","850","2","38","850","2010-02-2706:56:13"
"12","851","16","129","851","2015-05-2614:40:19"
"13","852","35","135","852","2003-03-2210:12:40"
"14","853","33","34","853","2002-02-0617:43:13"
"15","854","41","194","854","1976-08-0119:31:50"
"16","855","16","54","855","1974-05-2912:00:51"
"17","856","25","159","856","1977-06-1617:18:36"
"18","857","16","122","857","2016-07-0406:12:31"
"19","858","6","30","858","1980-08-1603:50:21"
"20","859","35","35","859","1977-10-2810:38:50"
"1","860","11","65","860","1986-11-2522:50:02"
"2","861","32","22","861","2014-07-0504:27:14"
"3","862","42","137","862","2014-11-1000:00:01"
"4","863","2","179","863","2014-10-2907:50:13"
"5","864","8","144","864","1998-06-0601:53:20"
"6","865","5","175","865","1986-11-1411:50:43"
"7","866","28","57","866","2013-10-0201:20:40"
"8","867","25","51","867","1993-08-2105:02:42"
"9","868","33","145","868","2016-04-1101:39:30"
"10","869","21","78","869","1977-11-2107:14:11"
"11","870","0","83","870","1995-04-2312:06:55"
"12","871","1","198","871","2019-11-0717:12:34"
"13","872","42","78","872","1992-04-1523:31:16"
"14","873","11","157","873","1991-10-1103:28:26"
"15","874","38","21","874","1990-02-0613:42:04"
"16","875","14","57","875","2016-12-1910:10:11"
"17","876","32","174","876","2000-04-0703:38:29"
"18","877","13","87","877","1989-03-2518:20:54"
"19","878","36","153","878","1971-01-0714:03:12"
"20","879","19","132","879","1970-09-0508:04:17"
"1","880","6","5","880","2002-03-1600:24:01"
"2","881","17","84","881","2006-10-1021:36:14"
"3","882","5","35","882","1996-02-1923:54:09"
"4","883","46","64","883","1996-08-2001:47:35"
"5","884","7","197","884","2014-01-2912:09:36"
"6","885","29","174","885","1978-02-0510:32:09"
"7","886","17","10","886","1974-07-1316:41:34"
"8","887","4","19","887","1970-08-1602:47:11"
"9","888","5","185","888","1975-05-0115:05:23"
"10","889","16","76","889","2009-08-1804:59:50"
"11","890","13","63","890","1973-02-2505:38:49"
"12","891","2","135","891","2006-11-0316:58:53"
"13","892","1","92","892","1979-09-2208:41:01"
"14","893","7","20","893","1996-04-3011:57:03"
"15","894","19","102","894","2005-06-1006:43:58"
"16","895","32","184","895","1998-02-0500:28:54"
"17","896","12","176","896","1997-12-2010:55:01"
"18","897","34","24","897","2002-10-0718:42:46"
"19","898","14","84","898","2007-04-0916:32:44"
"20","899","26","2","899","2004-01-2515:52:58"
"1","900","49","82","900","1988-11-1105:38:23"
"2","901","18","28","901","2006-07-0920:12:22"
"3","902","37","164","902","1999-06-2913:02:09"
"4","903","31","32","903","1986-07-2411:58:59"
"5","904","20","69","904","1983-09-0718:18:59"
"6","905","34","23","905","1975-06-2814:41:15"
"7","906","31","147","906","1973-12-2213:56:21"
"8","907","27","185","907","2008-12-0616:48:37"
"9","908","28","121","908","1990-05-0113:42:35"
"10","909","27","107","909","2012-09-0922:47:33"
"11","910","15","100","910","2000-04-2517:37:56"
"12","911","32","56","911","2015-08-1608:58:55"
"13","912","28","77","912","2017-06-1623:13:27"
"14","913","2","34","913","1987-08-1408:03:40"
"15","914","26","153","914","1995-06-1414:38:39"
"16","915","8","28","915","1985-01-2111:11:42"
"17","916","11","61","916","2005-04-0314:38:36"
"18","917","14","111","917","1972-06-2623:58:54"
"19","918","1","139","918","1977-01-1801:45:56"
"20","919","27","64","919","2003-01-0504:16:18"
"1","920","48","69","920","1976-06-1702:37:08"
"2","921","13","135","921","1991-01-2022:01:25"
"3","922","6","121","922","1988-06-1923:46:07"
"4","923","36","103","923","1976-05-1113:02:50"
"5","924","38","26","924","2007-03-0604:12:28"
"6","925","3","95","925","1993-11-0502:08:06"
"7","926","50","167","926","2018-08-0906:43:59"
"8","927","18","139","927","1972-02-1121:58:10"
"9","928","28","139","928","2018-09-0520:45:42"
"10","929","25","185","929","1992-04-1118:58:35"
"11","930","29","175","930","1999-10-1205:16:02"
"12","931","31","7","931","1995-03-2218:33:38"
"13","932","22","78","932","2015-03-0102:55:53"
"14","933","6","174","933","1998-10-2800:44:24"
"15","934","3","39","934","2019-03-1819:26:08"
"16","935","7","148","935","2006-12-2221:31:37"
"17","936","45","173","936","1981-07-2516:34:48"
"18","937","24","55","937","1991-12-1810:56:18"
"19","938","17","196","938","2009-02-0115:48:00"
"20","939","45","93","939","1991-04-1923:34:59"
"1","940","8","74","940","1998-12-0610:10:14"
"2","941","43","39","941","1986-02-2508:26:30"
"3","942","42","97","942","1972-02-2701:36:00"
"4","943","20","112","943","2016-08-1918:52:02"
"5","944","50","30","944","2015-04-2102:16:58"
"6","945","7","153","945","1985-05-1823:56:17"
"7","946","15","69","946","1971-04-0109:58:05"
"8","947","35","170","947","1994-01-0411:36:06"
"9","948","30","163","948","1997-07-2613:48:35"
"10","949","27","2","949","2000-04-0719:46:26"
"11","950","47","2","950","2003-05-1518:55:40"
"12","951","6","164","951","2016-04-2414:56:28"
"13","952","38","97","952","2003-01-1502:29:31"
"14","953","48","143","953","2016-11-0909:14:00"
"15","954","23","25","954","1993-11-0417:02:28"
"16","955","39","7","955","1986-10-0418:53:10"
"17","956","30","110","956","2001-12-1515:22:28"
"18","957","21","173","957","2005-09-2209:11:33"
"19","958","47","70","958","2010-05-1500:24:09"
"20","959","20","94","959","2012-06-3022:01:58"
"1","960","31","103","960","2017-06-0206:11:19"
"2","961","2","118","961","1991-08-0119:15:25"
"3","962","24","25","962","1981-08-1522:00:38"
"4","963","1","199","963","2019-02-0406:56:08"
"5","964","36","165","964","1988-05-2821:15:35"
"6","965","0","178","965","2010-05-2608:41:48"
"7","966","42","10","966","2004-02-0113:06:53"
"8","967","30","28","967","1980-03-0302:09:17"
"9","968","27","35","968","2010-11-2317:32:14"
"10","969","39","130","969","1977-10-0814:17:40"
"11","970","28","91","970","2009-06-2716:08:54"
"12","971","40","69","971","1979-08-0306:13:41"
"13","972","46","145","972","1994-11-1601:33:21"
"14","973","18","167","973","1997-11-1619:24:45"
"15","974","41","121","974","2004-05-0405:35:18"
"16","975","12","178","975","1972-04-1203:02:35"
"17","976","12","159","976","1992-10-0100:35:08"
"18","977","28","27","977","1981-02-0505:24:48"
"19","978","44","91","978","1989-12-2615:55:32"
"20","979","5","40","979","1981-09-1518:13:51"
"1","980","2","198","980","1976-10-2106:26:47"
"2","981","16","180","981","1999-05-2807:04:24"
"3","982","45","108","982","1998-01-1102:33:11"
"4","983","17","186","983","1988-05-3116:56:25"
"5","984","33","64","984","1988-04-2706:08:56"
"6","985","45","160","985","2008-02-2816:23:28"
"7","986","46","197","986","2011-11-0515:46:14"
"8","987","31","14","987","2012-11-0601:02:30"
"9","988","21","111","988","1981-10-1421:40:07"
"10","989","18","96","989","1988-08-1900:12:05"
"11","990","38","75","990","1991-06-2200:09:19"
"12","991","22","87","991","1971-07-1719:30:45"
"13","992","12","179","992","1998-09-1520:51:41"
"14","993","31","162","993","1974-03-0200:21:16"
"15","994","7","132","994","1984-11-2102:11:53"
"16","995","17","14","995","2009-04-0923:42:29"
"17","996","5","172","996","2000-03-1522:12:43"
"18","997","8","131","997","2006-11-0814:14:52"
"19","998","32","139","998","1972-06-2421:04:06"
"20","999","24","160","999","1994-06-2504:28:04"
"1","1000","38","87","1000","1984-05-2510:30:39"
"2","1001","6","181","1001","1985-08-0913:36:00"
"3","1002","1","149","1002","1975-10-3104:24:41"
"4","1003","45","122","1003","2017-10-0912:04:05"
"5","1004","19","53","1004","2018-11-1411:00:46"
"6","1005","42","161","1005","2007-11-1604:08:00"
"7","1006","20","44","1006","2000-04-2303:35:39"
"8","1007","11","183","1007","1987-09-1002:45:18"
"9","1008","12","25","1008","1998-09-3006:09:24"
"10","1009","49","85","1009","1987-10-0508:07:40"
"11","1010","33","84","1010","2016-11-3017:18:32"
"12","1011","40","62","1011","1981-05-0301:14:38"
"13","1012","23","173","1012","1992-05-2205:52:27"
"14","1013","24","190","1013","2001-12-1505:17:38"
"15","1014","25","94","1014","2000-10-1214:50:56"
"16","1015","39","166","1015","1986-08-3112:33:41"
"17","1016","37","169","1016","2002-04-2600:19:06"
"18","1017","22","49","1017","1986-01-2208:08:56"
"19","1018","20","112","1018","1997-11-1406:45:57"
"20","1019","6","138","1019","1985-01-1417:07:17"
"1","1020","24","146","1020","2014-01-1902:12:20"
"2","1021","42","68","1021","1976-06-0802:01:03"
"3","1022","7","32","1022","1989-10-1619:11:28"
"4","1023","19","3","1023","2000-12-2904:46:10"
"5","1024","5","106","1024","1981-03-1705:17:01"
"6","1025","33","6","1025","2019-04-1815:41:39"
"7","1026","48","19","1026","1981-07-2510:17:16"
"8","1027","23","46","1027","2015-02-0105:52:18"
"9","1028","19","196","1028","1984-02-1808:23:34"
"10","1029","25","170","1029","2013-07-0721:30:10"
"11","1030","46","73","1030","1971-08-1710:15:04"
"12","1031","7","39","1031","1996-07-1313:51:10"
"13","1032","42","134","1032","1981-10-0521:47:50"
"14","1033","48","27","1033","1994-10-2406:38:54"
"15","1034","0","65","1034","2004-09-0413:51:46"
"16","1035","20","118","1035","2015-07-0822:54:08"
"17","1036","36","162","1036","1983-01-0319:43:03"
"18","1037","40","188","1037","2006-07-0821:50:02"
"19","1038","27","58","1038","1985-06-2504:41:42"
"20","1039","20","178","1039","1985-04-0717:43:09"
"1","1040","27","1","1040","2017-07-2110:16:52"
"2","1041","21","63","1041","1970-12-0110:14:49"
"3","1042","33","40","1042","2015-08-0815:17:35"
"4","1043","17","45","1043","1970-02-2713:47:07"
"5","1044","12","169","1044","1995-11-0207:09:38"
"6","1045","39","19","1045","1993-12-1409:42:52"
"7","1046","47","137","1046","2013-08-0711:53:56"
"8","1047","49","142","1047","1973-06-0610:58:46"
"9","1048","8","41","1048","2009-05-2619:38:52"
"10","1049","29","96","1049","2011-08-1318:56:18"
"11","1050","26","5","1050","2020-12-0822:10:22"
"12","1051","21","55","1051","1980-12-2711:02:44"
"13","1052","40","60","1052","1996-10-1420:28:33"
"14","1053","47","10","1053","2013-09-1211:57:27"
"15","1054","37","132","1054","1987-03-1113:38:06"
"16","1055","35","48","1055","2003-06-2107:45:08"
"17","1056","35","129","1056","2004-08-1800:05:55"
"18","1057","33","156","1057","2003-12-1218:22:44"
"19","1058","3","137","1058","1983-10-1505:01:31"
"20","1059","20","63","1059","1977-07-1212:23:52"
"1","1060","23","199","1060","1982-08-1208:18:18"
"2","1061","29","30","1061","1973-01-1703:35:51"
"3","1062","2","164","1062","1987-06-2007:40:53"
"4","1063","4","99","1063","1977-02-1306:44:37"
"5","1064","4","143","1064","2019-12-0302:11:12"
"6","1065","41","164","1065","2015-02-0121:23:41"
"7","1066","2","122","1066","2017-08-0721:09:33"
"8","1067","12","132","1067","1994-11-1312:22:33"
"9","1068","0","199","1068","1984-04-0103:18:41"
"10","1069","48","5","1069","2003-08-0217:03:23"
"11","1070","23","79","1070","2007-12-0722:04:39"
"12","1071","37","71","1071","1978-07-1422:57:55"
"13","1072","8","106","1072","1985-06-2021:37:31"
"14","1073","6","152","1073","1981-08-2608:43:07"
"15","1074","36","143","1074","1994-09-1006:06:07"
"16","1075","39","81","1075","1994-06-1214:25:49"
"17","1076","32","136","1076","1984-12-0608:52:30"
"18","1077","25","114","1077","2007-06-1000:01:50"
"19","1078","28","106","1078","2016-10-0203:03:08"
"20","1079","35","42","1079","2021-01-2601:00:16"
"1","1080","35","101","1080","1973-11-0203:35:20"
"2","1081","41","99","1081","2011-02-2217:18:16"
"3","1082","25","51","1082","1976-03-0222:42:50"
"4","1083","18","71","1083","2021-02-2702:35:16"
"5","1084","13","38","1084","1989-04-1101:10:58"
"6","1085","14","145","1085","1987-06-2204:18:13"
"7","1086","39","44","1086","2009-07-0502:21:11"
"8","1087","31","184","1087","1995-11-1901:26:27"
"9","1088","37","21","1088","1997-03-0603:41:42"
"10","1089","17","92","1089","2008-11-1323:39:29"
"11","1090","13","36","1090","2015-10-1711:12:47"
"12","1091","12","65","1091","2010-12-2310:39:55"
"13","1092","19","89","1092","1993-04-2515:02:44"
"14","1093","28","71","1093","1991-09-0918:42:54"
"15","1094","0","119","1094","1988-01-1713:24:45"
"16","1095","48","38","1095","2004-11-0117:41:53"
"17","1096","49","33","1096","1990-09-2221:57:29"
"18","1097","11","64","1097","2013-04-2620:06:48"
"19","1098","3","50","1098","1980-09-1608:02:28"
"20","1099","27","148","1099","1986-10-3104:04:21"
"1","1100","10","158","1100","1996-12-0322:21:04"
"2","1101","21","139","1101","2018-10-2203:19:54"
"3","1102","44","183","1102","1980-11-0211:38:18"
"4","1103","29","61","1103","1993-02-2022:18:44"
"5","1104","28","35","1104","2021-11-1103:35:38"
"6","1105","20","117","1105","1992-07-1814:41:41"
"7","1106","10","182","1106","1989-10-0113:22:49"
"8","1107","32","21","1107","2009-03-3019:56:24"
"9","1108","7","19","1108","2014-05-2616:26:46"
"10","1109","2","170","1109","1990-03-0117:23:10"
"11","1110","38","7","1110","1984-04-2403:20:57"
"12","1111","19","103","1111","2003-12-1706:52:22"
"13","1112","34","106","1112","2017-12-0223:10:41"
"14","1113","30","35","1113","2008-11-0600:03:35"
"15","1114","6","152","1114","1977-08-3111:42:36"
"16","1115","27","172","1115","2006-01-1009:53:20"
"17","1116","3","139","1116","2001-12-1416:49:07"
"18","1117","43","61","1117","2007-02-0910:24:49"
"19","1118","7","97","1118","2013-12-2321:19:45"
"20","1119","10","73","1119","1982-07-0302:39:21"
"1","1120","36","169","1120","2001-10-2912:13:17"
"2","1121","18","101","1121","1971-05-2720:51:18"
"3","1122","42","191","1122","1977-02-1921:52:14"
"4","1123","11","45","1123","1971-10-0904:56:46"
"5","1124","36","76","1124","1973-05-0814:18:02"
"6","1125","17","36","1125","2018-10-1408:21:08"
"7","1126","27","125","1126","2019-11-1804:19:43"
"8","1127","4","74","1127","1988-10-2315:56:58"
"9","1128","42","131","1128","2009-12-1610:43:18"
"10","1129","10","76","1129","1994-09-1906:44:21"
"11","1130","23","180","1130","2009-03-1321:39:04"
"12","1131","14","5","1131","2014-08-2920:55:34"
"13","1132","30","159","1132","1983-04-2508:05:38"
"14","1133","31","26","1133","1971-08-2410:28:40"
"15","1134","38","95","1134","1981-03-2323:32:50"
"16","1135","13","113","1135","1987-05-2206:50:06"
"17","1136","2","158","1136","2002-09-2300:29:04"
"18","1137","42","13","1137","1984-09-2014:12:54"
"19","1138","16","200","1138","2021-01-3122:58:40"
"20","1139","41","40","1139","1980-06-0606:10:44"
"1","1140","48","33","1140","2010-12-0100:20:17"
"2","1141","42","161","1141","1987-07-1019:03:24"
"3","1142","5","26","1142","1976-03-1701:44:46"
"4","1143","32","111","1143","2003-05-2817:35:12"
"5","1144","12","150","1144","2010-10-2912:19:22"
"6","1145","10","190","1145","1980-02-0217:25:59"
"7","1146","25","129","1146","2019-04-2921:31:31"
"8","1147","6","101","1147","1971-10-2801:50:52"
"9","1148","10","181","1148","2004-10-1717:52:15"
"10","1149","33","98","1149","1975-07-1412:17:38"
"11","1150","6","132","1150","1993-08-1908:38:14"
"12","1151","29","183","1151","1978-08-2020:31:49"
"13","1152","37","65","1152","1997-09-1111:53:42"
"14","1153","36","0","1153","1970-05-1116:52:46"
"15","1154","41","30","1154","1988-11-2917:03:05"
"16","1155","39","51","1155","2012-01-2414:41:19"
"17","1156","19","144","1156","1970-01-1118:03:29"
"18","1157","24","169","1157","2008-09-1610:31:28"
"19","1158","31","139","1158","1970-11-0323:02:54"
"20","1159","13","59","1159","2003-02-1303:20:10"
"1","1160","32","9","1160","1970-12-2122:15:00"
"2","1161","34","42","1161","2012-10-2900:45:19"
"3","1162","47","171","1162","2017-03-0704:21:58"
"4","1163","25","141","1163","1971-08-0805:51:41"
"5","1164","43","59","1164","2020-02-2708:30:40"
"6","1165","49","105","1165","1998-04-2717:15:03"
"7","1166","39","70","1166","1984-08-1401:43:50"
"8","1167","21","169","1167","1993-03-3120:04:33"
"9","1168","13","102","1168","1975-12-1119:09:47"
"10","1169","5","126","1169","2007-11-2001:41:52"
"11","1170","42","171","1170","2015-11-1622:58:03"
"12","1171","9","33","1171","2010-03-2417:58:34"
"13","1172","0","143","1172","1974-10-2521:58:36"
"14","1173","38","116","1173","1997-08-1306:10:55"
"15","1174","25","11","1174","1998-08-0521:10:09"
"16","1175","20","54","1175","1993-10-0503:25:28"
"17","1176","27","186","1176","1997-08-1020:35:45"
"18","1177","46","86","1177","1989-08-2022:13:36"
"19","1178","4","62","1178","2015-04-0720:49:58"
"20","1179","34","19","1179","1989-03-0416:44:08"
"1","1180","2","191","1180","1997-06-1813:12:17"
"2","1181","42","108","1181","1990-03-0620:50:10"
"3","1182","9","113","1182","2004-08-3023:52:26"
"4","1183","30","44","1183","2003-01-1309:31:08"
"5","1184","9","128","1184","1993-11-2118:39:00"
"6","1185","19","130","1185","1994-10-2111:05:00"
"7","1186","18","133","1186","1982-06-2409:08:50"
"8","1187","11","50","1187","2016-04-0714:19:03"
"9","1188","33","92","1188","1991-10-2319:06:41"
"10","1189","38","150","1189","2002-04-1919:19:55"
"11","1190","3","198","1190","1974-06-0508:22:46"
"12","1191","46","87","1191","2018-08-0923:15:53"
"13","1192","23","13","1192","1975-06-1305:40:49"
"14","1193","42","11","1193","2004-05-2208:17:48"
"15","1194","9","156","1194","1981-12-2721:55:40"
"16","1195","43","37","1195","2005-09-0515:28:06"
"17","1196","24","73","1196","1998-03-2311:27:33"
"18","1197","29","11","1197","2004-04-0800:08:12"
"19","1198","3","128","1198","1999-06-1413:44:12"
"20","1199","20","144","1199","2003-10-0613:53:10"
"1","1200","20","23","1200","2016-12-0823:54:05"
"2","1201","43","131","1201","1970-06-2300:09:43"
"3","1202","33","146","1202","1975-10-1809:09:10"
"4","1203","20","77","1203","2008-09-0622:25:11"
"5","1204","46","68","1204","1986-11-0103:40:04"
"6","1205","24","90","1205","1999-12-1101:58:06"
"7","1206","28","12","1206","1982-03-2505:27:34"
"8","1207","0","122","1207","1979-06-2301:01:56"
"9","1208","15","109","1208","2021-08-1923:38:42"
"10","1209","38","150","1209","1980-08-0503:46:07"
"11","1210","40","81","1210","1989-06-1921:13:10"
"12","1211","30","38","1211","1982-11-1713:52:14"
"13","1212","28","150","1212","2005-07-2412:44:07"
"14","1213","3","71","1213","1973-11-0416:52:20"
"15","1214","40","155","1214","2007-01-1717:54:15"
"16","1215","18","198","1215","2017-02-1814:52:35"
"17","1216","20","106","1216","2021-06-0301:31:57"
"18","1217","40","133","1217","1992-01-2805:24:40"
"19","1218","29","6","1218","2005-03-2412:10:39"
"20","1219","5","148","1219","1987-11-0600:02:30"
"1","1220","29","9","1220","1971-11-2201:46:39"
"2","1221","0","135","1221","2009-07-2220:51:50"
"3","1222","46","25","1222","2008-09-0216:14:37"
"4","1223","17","85","1223","1978-05-2401:35:32"
"5","1224","38","94","1224","2000-02-1504:20:05"
"6","1225","1","141","1225","1993-02-0101:25:41"
"7","1226","18","163","1226","1978-09-1006:57:36"
"8","1227","3","149","1227","1978-03-0914:37:15"
"9","1228","45","124","1228","2010-04-0403:22:35"
"10","1229","4","162","1229","2003-09-2200:30:54"
"11","1230","22","138","1230","2009-01-3106:07:24"
"12","1231","25","85","1231","1993-07-0821:42:46"
"13","1232","0","139","1232","1970-09-1201:48:34"
"14","1233","46","41","1233","1975-09-3014:37:15"
"15","1234","18","83","1234","1975-03-1410:26:10"
"16","1235","7","54","1235","1999-11-2016:22:20"
"17","1236","7","148","1236","1987-07-1909:56:47"
"18","1237","5","150","1237","2018-10-0608:31:50"
"19","1238","16","103","1238","1991-01-1406:15:44"
"20","1239","21","130","1239","1986-04-2502:28:11"
"1","1240","17","92","1240","1987-06-0818:22:10"
"2","1241","31","66","1241","1978-03-1801:08:06"
"3","1242","1","94","1242","1992-12-2604:01:52"
"4","1243","3","182","1243","1998-02-2101:13:41"
"5","1244","32","196","1244","2015-09-1819:44:27"
"6","1245","41","63","1245","1989-06-1015:50:54"
"7","1246","38","67","1246","1998-01-1000:42:38"
"8","1247","28","101","1247","1979-11-2703:00:28"
"9","1248","29","72","1248","1987-03-2717:43:50"
"10","1249","4","158","1249","2005-08-0702:57:50"
"11","1250","36","19","1250","1994-10-1100:52:04"
"12","1251","46","43","1251","1994-06-0314:40:32"
"13","1252","21","68","1252","1996-04-0519:36:48"
"14","1253","6","21","1253","1987-06-0616:28:31"
"15","1254","28","72","1254","1985-12-2315:47:23"
"16","1255","32","185","1255","1992-10-2005:37:01"
"17","1256","12","67","1256","1996-11-2902:12:38"
"18","1257","5","53","1257","2003-01-0118:01:48"
"19","1258","36","70","1258","1984-06-2200:38:09"
"20","1259","2","122","1259","1970-11-2814:23:13"
"1","1260","26","188","1260","1987-04-2213:59:59"
"2","1261","40","77","1261","2009-11-0111:04:40"
"3","1262","42","52","1262","1994-07-0104:20:42"
"4","1263","3","139","1263","2010-09-2514:53:20"
"5","1264","16","140","1264","2009-03-0215:20:08"
"6","1265","47","86","1265","2005-04-0112:26:27"
"7","1266","44","75","1266","2012-02-1600:01:30"
"8","1267","6","132","1267","1977-10-1118:33:29"
"9","1268","22","9","1268","2011-05-0106:30:01"
"10","1269","40","93","1269","1982-08-2905:48:39"
"11","1270","1","191","1270","2016-03-0503:29:43"
"12","1271","16","7","1271","2007-05-0320:45:20"
"13","1272","38","106","1272","1984-08-1501:58:47"
"14","1273","45","41","1273","2002-03-2820:55:18"
"15","1274","2","142","1274","1996-04-1118:21:00"
"16","1275","30","180","1275","2014-05-2713:57:46"
"17","1276","33","179","1276","1972-06-1903:31:35"
"18","1277","44","161","1277","1981-05-0402:32:22"
"19","1278","21","134","1278","2006-01-3108:19:35"
"20","1279","49","47","1279","1982-02-0518:11:13"
"1","1280","11","50","1280","2008-01-0703:58:14"
"2","1281","30","29","1281","1993-04-0717:41:50"
"3","1282","49","33","1282","1970-12-1720:35:50"
"4","1283","25","150","1283","1976-05-1002:10:04"
"5","1284","36","31","1284","2017-06-0113:09:23"
"6","1285","23","68","1285","1980-11-1414:06:28"
"7","1286","40","50","1286","2016-07-2521:07:39"
"8","1287","18","14","1287","1974-05-1217:38:44"
"9","1288","17","116","1288","1992-10-2420:18:19"
"10","1289","37","157","1289","2019-11-1717:56:07"
"11","1290","11","90","1290","2004-08-0714:57:37"
"12","1291","0","162","1291","1989-11-2510:33:13"
"13","1292","25","3","1292","2015-07-0612:24:28"
"14","1293","8","8","1293","1996-05-1215:40:16"
"15","1294","46","64","1294","2005-02-2607:10:01"
"16","1295","2","141","1295","1992-08-2215:49:17"
"17","1296","11","2","1296","1995-08-0701:07:32"
"18","1297","45","195","1297","2006-05-1822:52:31"
"19","1298","26","21","1298","2013-02-1001:07:34"
"20","1299","1","44","1299","2000-06-1108:55:06"
"1","1300","10","135","1300","1999-10-2611:10:45"
"2","1301","22","53","1301","2008-08-0813:06:51"
"3","1302","12","73","1302","2002-12-1020:39:16"
"4","1303","25","125","1303","1973-12-1120:54:57"
"5","1304","16","95","1304","2016-09-2620:25:57"
"6","1305","48","100","1305","1982-01-2203:09:26"
"7","1306","3","167","1306","2005-09-0702:06:54"
"8","1307","30","49","1307","1971-09-1900:16:46"
"9","1308","9","46","1308","2012-09-2611:28:30"
"10","1309","31","175","1309","2009-08-1713:42:54"
"11","1310","48","76","1310","1976-10-3022:08:49"
"12","1311","21","148","1311","1973-08-2703:08:39"
"13","1312","24","157","1312","1972-11-2311:48:59"
"14","1313","1","93","1313","1977-01-1415:19:03"
"15","1314","1","124","1314","1997-08-1522:10:52"
"16","1315","33","26","1315","2006-03-1905:10:52"
"17","1316","29","160","1316","1981-02-2012:44:59"
"18","1317","31","170","1317","2016-06-3013:01:19"
"19","1318","42","110","1318","1976-02-0619:18:19"
"20","1319","29","181","1319","1981-01-0817:12:33"
"1","1320","17","87","1320","2010-12-2405:13:45"
"2","1321","33","18","1321","1977-10-1322:33:59"
"3","1322","9","107","1322","1998-11-1500:55:57"
"4","1323","26","179","1323","2010-01-1314:22:13"
"5","1324","48","126","1324","1975-12-3104:35:03"
"6","1325","28","155","1325","2005-07-1002:13:32"
"7","1326","28","169","1326","2001-07-0218:14:36"
"8","1327","43","128","1327","1996-02-2403:35:14"
"9","1328","30","122","1328","2015-08-1007:48:22"
"10","1329","37","174","1329","2007-07-0106:00:22"
"11","1330","46","147","1330","2020-03-1702:30:25"
"12","1331","23","196","1331","1972-09-0819:22:21"
"13","1332","24","154","1332","1999-02-2503:35:30"
"14","1333","42","42","1333","2006-02-1111:31:57"
"15","1334","34","68","1334","2001-06-0301:51:54"
"16","1335","15","134","1335","1997-03-2506:30:20"
"17","1336","39","144","1336","2012-03-1404:40:04"
"18","1337","31","101","1337","2021-03-2017:10:53"
"19","1338","13","138","1338","1989-09-0817:06:58"
"20","1339","15","65","1339","2012-02-2119:18:18"
"1","1340","30","3","1340","1975-04-1807:08:49"
"2","1341","2","193","1341","2011-07-1522:06:33"
"3","1342","23","200","1342","2008-12-0918:51:14"
"4","1343","45","117","1343","1998-01-0513:27:51"
"5","1344","11","91","1344","2002-06-2510:46:21"
"6","1345","22","130","1345","1977-03-3014:12:46"
"7","1346","35","53","1346","2003-07-0509:34:57"
"8","1347","47","121","1347","2014-07-2513:35:03"
"9","1348","35","85","1348","2009-10-0413:31:24"
"10","1349","7","160","1349","1990-03-2304:58:48"
"11","1350","44","98","1350","2013-03-2305:42:50"
"12","1351","2","111","1351","2005-05-2316:33:49"
"13","1352","5","164","1352","2008-07-0104:47:42"
"14","1353","44","91","1353","1986-07-1212:04:50"
"15","1354","46","200","1354","1998-06-1420:34:56"
"16","1355","13","2","1355","1994-02-1809:14:19"
"17","1356","27","192","1356","2007-05-0311:25:04"
"18","1357","2","189","1357","2017-10-1423:38:47"
"19","1358","19","78","1358","1997-03-0205:22:23"
"20","1359","16","3","1359","1993-05-2904:10:16"
"1","1360","15","86","1360","1988-09-0720:31:14"
"2","1361","44","150","1361","1990-05-1805:33:26"
"3","1362","10","12","1362","1979-02-0520:18:18"
"4","1363","4","183","1363","1975-04-1023:58:42"
"5","1364","6","84","1364","2019-07-2615:21:24"
"6","1365","42","171","1365","2003-11-2621:09:29"
"7","1366","3","165","1366","2019-12-3121:46:33"
"8","1367","39","32","1367","1993-03-1416:01:58"
"9","1368","15","176","1368","2019-04-0808:34:10"
"10","1369","31","104","1369","1998-10-0115:02:32"
"11","1370","11","87","1370","1991-03-1221:27:17"
"12","1371","49","6","1371","1976-04-2407:59:56"
"13","1372","35","164","1372","2001-03-2312:21:25"
"14","1373","9","176","1373","1972-06-1905:35:13"
"15","1374","39","193","1374","2019-09-2622:34:41"
"16","1375","25","193","1375","1988-09-1806:55:33"
"17","1376","29","191","1376","1990-12-0322:04:49"
"18","1377","18","164","1377","1989-02-1623:26:39"
"19","1378","15","77","1378","2008-02-2501:19:29"
"20","1379","21","96","1379","1980-02-2103:31:31"
"1","1380","49","134","1380","1990-03-2505:06:26"
"2","1381","41","118","1381","1976-03-2314:16:36"
"3","1382","48","18","1382","1980-08-2501:22:44"
"4","1383","20","50","1383","1976-11-2122:14:16"
"5","1384","31","59","1384","2005-10-3108:54:08"
"6","1385","31","10","1385","1980-01-1612:11:32"
"7","1386","32","61","1386","1998-04-1705:05:45"
"8","1387","12","57","1387","1991-05-0221:29:11"
"9","1388","20","182","1388","1990-01-0409:19:43"
"10","1389","10","97","1389","1990-01-0416:45:09"
"11","1390","7","159","1390","1985-08-2015:42:27"
"12","1391","15","184","1391","1988-06-2209:30:12"
"13","1392","36","190","1392","2017-09-2001:27:34"
"14","1393","0","92","1393","1992-04-1108:14:01"
"15","1394","36","182","1394","2001-03-1110:17:16"
"16","1395","15","175","1395","2002-01-2514:35:03"
"17","1396","25","113","1396","1991-01-0722:56:10"
"18","1397","34","43","1397","2020-06-0119:33:50"
"19","1398","1","37","1398","1973-07-0703:12:15"
"20","1399","22","94","1399","1977-03-0705:48:13"
"1","1400","17","141","1400","1982-09-2513:12:00"
"2","1401","25","131","1401","1982-08-3010:12:52"
"3","1402","48","81","1402","2008-09-0412:26:58"
"4","1403","5","154","1403","1988-02-1523:05:10"
"5","1404","33","149","1404","1973-08-0122:30:22"
"6","1405","41","74","1405","2010-11-0816:11:24"
"7","1406","33","140","1406","2012-12-1115:04:55"
"8","1407","21","70","1407","1985-09-3003:42:28"
"9","1408","43","2","1408","1994-03-0503:48:11"
"10","1409","38","79","1409","1997-04-2703:04:48"
"11","1410","32","22","1410","2015-09-0904:31:52"
"12","1411","5","125","1411","1979-01-1211:04:35"
"13","1412","11","128","1412","2011-07-0400:19:47"
"14","1413","38","155","1413","1975-09-2116:54:07"
"15","1414","38","164","1414","1999-03-1811:45:15"
"16","1415","22","67","1415","1997-05-0415:15:39"
"17","1416","40","95","1416","1995-03-2100:22:41"
"18","1417","2","59","1417","1981-07-2616:37:05"
"19","1418","30","26","1418","1985-11-2313:22:47"
"20","1419","26","131","1419","1993-09-0403:00:21"
"1","1420","8","130","1420","1989-01-2612:14:08"
"2","1421","14","33","1421","1997-11-1509:09:04"
"3","1422","50","12","1422","1995-07-1109:34:44"
"4","1423","11","17","1423","2009-03-1519:19:06"
"5","1424","34","0","1424","2001-04-1922:26:27"
"6","1425","21","15","1425","2013-03-0805:30:53"
"7","1426","36","187","1426","1982-11-2716:08:22"
"8","1427","3","5","1427","2005-07-0103:37:06"
"9","1428","0","14","1428","1993-06-1320:44:44"
"10","1429","27","8","1429","1984-09-1611:57:53"
"11","1430","17","86","1430","1999-10-2509:47:23"
"12","1431","0","200","1431","2010-04-2307:23:18"
"13","1432","0","156","1432","1991-04-0312:37:41"
"14","1433","10","143","1433","2006-05-1323:52:52"
"15","1434","10","120","1434","2011-07-3108:48:38"
"16","1435","15","68","1435","2015-11-0701:26:48"
"17","1436","28","148","1436","2002-11-1520:07:14"
"18","1437","12","133","1437","1970-02-0402:00:23"
"19","1438","9","59","1438","1995-12-2407:47:26"
"20","1439","20","53","1439","1993-08-1812:17:19"
"1","1440","12","15","1440","1971-08-0611:46:42"
"2","1441","35","142","1441","1974-10-1702:29:35"
"3","1442","1","115","1442","2013-07-2706:04:22"
"4","1443","16","84","1443","1981-06-0908:36:16"
"5","1444","6","104","1444","1979-07-0615:49:37"
"6","1445","28","4","1445","1987-12-3116:18:05"
"7","1446","25","47","1446","2019-03-0909:05:06"
"8","1447","4","163","1447","1995-04-1007:06:17"
"9","1448","9","194","1448","1999-06-3019:22:58"
"10","1449","11","55","1449","1981-05-2819:11:35"
"11","1450","15","45","1450","1971-04-2613:40:24"
"12","1451","3","25","1451","2018-07-1507:44:29"
"13","1452","44","80","1452","1988-08-2216:39:20"
"14","1453","7","185","1453","1992-08-2205:35:19"
"15","1454","42","16","1454","2008-12-2203:37:18"
"16","1455","7","113","1455","2019-12-0219:06:17"
"17","1456","2","59","1456","1990-09-2603:47:27"
"18","1457","14","191","1457","1978-08-2010:40:45"
"19","1458","2","88","1458","2019-08-1813:39:05"
"20","1459","4","150","1459","1989-10-1615:09:44"
"1","1460","10","113","1460","2013-08-0713:00:38"
"2","1461","34","58","1461","1975-03-2818:57:23"
"3","1462","6","47","1462","2007-02-1623:36:37"
"4","1463","10","14","1463","1995-06-1406:26:40"
"5","1464","38","13","1464","1979-03-2715:35:43"
"6","1465","5","186","1465","1980-01-0702:17:32"
"7","1466","48","22","1466","2004-10-1302:35:33"
"8","1467","11","190","1467","2001-12-1517:46:14"
"9","1468","36","73","1468","1997-09-2518:31:40"
"10","1469","26","64","1469","1982-03-1806:21:50"
"11","1470","44","108","1470","2012-01-2216:34:00"
"12","1471","36","63","1471","2012-02-2021:14:01"
"13","1472","37","8","1472","1984-09-1612:46:30"
"14","1473","39","64","1473","2011-10-0911:32:18"
"15","1474","16","49","1474","1985-03-2003:30:18"
"16","1475","18","89","1475","2006-01-0800:15:24"
"17","1476","39","116","1476","1977-12-2020:42:25"
"18","1477","44","168","1477","1995-09-1909:17:42"
"19","1478","19","157","1478","1993-07-0601:58:12"
"20","1479","19","173","1479","2009-04-0615:17:43"
"1","1480","21","22","1480","2016-09-2708:52:05"
"2","1481","42","62","1481","1973-08-3117:28:11"
"3","1482","44","125","1482","2010-05-2311:15:06"
"4","1483","46","87","1483","2002-04-2200:14:04"
"5","1484","30","45","1484","2017-06-1115:09:51"
"6","1485","5","166","1485","2021-08-0613:28:59"
"7","1486","3","61","1486","1988-05-1603:14:45"
"8","1487","40","197","1487","2020-04-1619:49:15"
"9","1488","45","111","1488","1995-04-1909:43:11"
"10","1489","27","70","1489","2003-03-1508:25:18"
"11","1490","47","77","1490","1984-03-1403:37:59"
"12","1491","38","85","1491","1987-08-2716:25:42"
"13","1492","20","94","1492","1982-02-1219:37:57"
"14","1493","18","116","1493","2010-08-1205:49:24"
"15","1494","16","90","1494","2001-02-1005:40:04"
"16","1495","49","101","1495","1994-12-2603:06:21"
"17","1496","26","120","1496","1998-09-2414:46:33"
"18","1497","18","4","1497","1997-04-1308:38:27"
"19","1498","15","32","1498","2016-06-2218:01:45"
"20","1499","15","43","1499","1986-02-1617:59:58"
"1","1500","6","145","1500","1986-07-2302:49:20"
"2","1501","36","140","1501","1989-02-1813:17:25"
"3","1502","7","186","1502","1998-08-2902:05:17"
"4","1503","23","42","1503","1977-09-2808:36:59"
"5","1504","32","165","1504","1997-09-0302:20:16"
"6","1505","6","38","1505","1994-09-2212:20:50"
"7","1506","4","41","1506","2011-07-2505:39:02"
"8","1507","12","156","1507","2012-02-2909:12:33"
"9","1508","18","60","1508","2018-09-0702:21:58"
"10","1509","16","165","1509","2017-05-2615:24:40"
"11","1510","14","43","1510","1980-10-1317:51:25"
"12","1511","15","121","1511","1993-04-2507:58:53"
"13","1512","21","19","1512","1980-12-2310:05:58"
"14","1513","28","39","1513","2010-08-1602:01:08"
"15","1514","45","90","1514","2000-03-2016:32:15"
"16","1515","46","115","1515","2001-05-2912:52:50"
"17","1516","43","27","1516","1987-04-2303:06:32"
"18","1517","35","39","1517","2008-11-2509:01:44"
"19","1518","3","80","1518","1998-10-1307:36:51"
"20","1519","9","175","1519","1993-09-1313:53:48"
"1","1520","27","122","1520","1983-12-0201:27:47"
"2","1521","2","8","1521","1988-01-0604:12:46"
"3","1522","48","185","1522","1981-09-1701:57:34"
"4","1523","33","49","1523","1995-08-0421:08:42"
"5","1524","37","91","1524","2004-03-2015:37:51"
"6","1525","25","93","1525","1971-11-0218:28:15"
"7","1526","43","90","1526","1984-03-3113:51:39"
"8","1527","25","200","1527","1975-08-2703:34:55"
"9","1528","41","160","1528","2011-01-0322:54:57"
"10","1529","19","170","1529","2000-06-0722:22:21"
"11","1530","33","87","1530","1988-09-2015:44:36"
"12","1531","9","30","1531","2012-02-0406:28:05"
"13","1532","1","96","1532","2004-03-2715:44:41"
"14","1533","45","69","1533","1979-03-1706:33:42"
"15","1534","36","157","1534","2008-10-2117:40:15"
"16","1535","3","53","1535","2002-01-2623:36:18"
"17","1536","42","63","1536","2020-11-0502:43:46"
"18","1537","16","77","1537","2008-01-1312:30:46"
"19","1538","20","144","1538","1998-01-0802:01:29"
"20","1539","18","62","1539","1996-03-1111:06:03"
"1","1540","2","197","1540","1996-09-0713:17:10"
"2","1541","48","59","1541","2004-05-3002:02:31"
"3","1542","35","74","1542","2003-03-2320:14:05"
"4","1543","0","145","1543","2011-01-3104:09:10"
"5","1544","4","50","1544","1999-07-1021:41:28"
"6","1545","11","34","1545","2020-05-2716:18:35"
"7","1546","25","94","1546","1992-09-0822:03:58"
"8","1547","7","68","1547","1995-07-2103:58:49"
"9","1548","11","41","1548","1985-11-3004:49:37"
"10","1549","15","19","1549","2017-03-0721:54:38"
"11","1550","26","146","1550","2017-01-1316:06:46"
"12","1551","46","130","1551","2012-07-0615:36:00"
"13","1552","30","138","1552","1984-01-0403:37:53"
"14","1553","40","138","1553","2000-04-1623:46:22"
"15","1554","44","110","1554","2008-02-0606:53:14"
"16","1555","29","112","1555","2010-12-0408:33:36"
"17","1556","24","131","1556","1983-01-0606:58:48"
"18","1557","26","46","1557","1994-04-1407:00:30"
"19","1558","10","91","1558","1999-06-2308:41:36"
"20","1559","41","110","1559","2009-03-0107:05:56"
"1","1560","14","18","1560","1979-03-2901:33:03"
"2","1561","11","52","1561","2004-01-2214:44:01"
"3","1562","7","195","1562","1973-08-1007:49:53"
"4","1563","39","34","1563","2014-11-0508:04:29"
"5","1564","1","53","1564","2004-10-0104:07:07"
"6","1565","24","41","1565","2007-02-0507:51:44"
"7","1566","9","92","1566","2010-02-0116:10:01"
"8","1567","40","12","1567","1998-11-2306:03:36"
"9","1568","4","92","1568","1985-10-0913:15:34"
"10","1569","12","156","1569","2009-06-2402:00:14"
"11","1570","35","173","1570","1972-01-2310:45:50"
"12","1571","4","54","1571","1996-10-0305:48:33"
"13","1572","32","112","1572","2001-06-2520:53:35"
"14","1573","10","167","1573","1982-06-1614:15:30"
"15","1574","17","154","1574","2011-07-0713:34:01"
"16","1575","29","42","1575","2012-05-0517:00:25"
"17","1576","42","176","1576","1993-06-1115:31:38"
"18","1577","36","171","1577","2017-09-3014:58:03"
"19","1578","11","4","1578","1992-09-1006:15:54"
"20","1579","45","80","1579","1983-12-1811:15:37"
"1","1580","28","122","1580","1972-05-1907:56:28"
"2","1581","46","9","1581","2011-01-1617:34:19"
"3","1582","43","13","1582","2005-11-1606:16:45"
"4","1583","25","93","1583","2014-12-0822:45:21"
"5","1584","17","143","1584","1983-11-2121:41:26"
"6","1585","24","34","1585","1979-08-3009:06:29"
"7","1586","26","17","1586","2001-01-1220:10:54"
"8","1587","34","81","1587","1995-10-1914:47:53"
"9","1588","47","189","1588","1987-07-1217:32:13"
"10","1589","34","145","1589","1985-02-1111:01:44"
"11","1590","30","79","1590","2007-01-2410:54:04"
"12","1591","45","81","1591","2005-04-0813:11:06"
"13","1592","29","200","1592","1994-12-2219:19:36"
"14","1593","24","22","1593","2020-08-2613:53:19"
"15","1594","21","86","1594","1981-11-0609:28:58"
"16","1595","13","18","1595","1973-08-2614:45:08"
"17","1596","33","16","1596","1980-03-1414:07:43"
"18","1597","43","165","1597","2014-05-1423:12:48"
"19","1598","0","82","1598","2000-03-0403:02:14"
"20","1599","46","46","1599","1997-05-2019:55:05"
"1","1600","11","83","1600","1988-03-1321:06:54"
"2","1601","13","80","1601","2007-11-0218:39:29"
"3","1602","44","64","1602","1983-05-0415:06:58"
"4","1603","48","78","1603","1982-12-2002:58:33"
"5","1604","21","124","1604","1986-09-1415:20:41"
"6","1605","15","3","1605","1977-09-2521:42:32"
"7","1606","32","41","1606","1975-04-1704:26:32"
"8","1607","2","74","1607","1991-10-0819:04:49"
"9","1608","22","29","1608","1982-06-1619:10:53"
"10","1609","47","110","1609","1994-08-0209:46:13"
"11","1610","11","156","1610","1991-07-0723:12:45"
"12","1611","18","71","1611","1983-03-1213:18:24"
"13","1612","33","196","1612","1985-07-2702:44:32"
"14","1613","28","184","1613","2008-06-1309:09:11"
"15","1614","29","126","1614","1991-11-0423:40:42"
"16","1615","31","72","1615","2019-03-3009:12:02"
"17","1616","34","65","1616","1981-02-0920:46:07"
"18","1617","16","44","1617","2020-10-1215:47:32"
"19","1618","18","36","1618","2009-01-1317:29:23"
"20","1619","20","24","1619","1977-02-0401:15:09"
"1","1620","26","91","1620","2012-02-2718:29:00"
"2","1621","29","190","1621","2021-08-2009:29:32"
"3","1622","44","178","1622","1973-05-3105:07:27"
"4","1623","20","49","1623","1972-08-2921:50:30"
"5","1624","7","115","1624","1988-06-0616:59:09"
"6","1625","49","123","1625","1997-08-1120:25:18"
"7","1626","12","178","1626","1976-11-1722:18:42"
"8","1627","37","9","1627","1980-08-0316:04:28"
"9","1628","12","163","1628","2005-11-0623:38:39"
"10","1629","37","20","1629","2011-09-1621:47:02"
"11","1630","1","18","1630","2015-01-2919:21:43"
"12","1631","25","132","1631","2011-11-0720:20:31"
"13","1632","29","120","1632","2015-11-2109:14:52"
"14","1633","35","123","1633","2005-07-0109:38:12"
"15","1634","46","83","1634","2017-02-2810:47:42"
"16","1635","40","133","1635","1987-12-1508:36:17"
"17","1636","28","43","1636","1998-05-0403:42:15"
"18","1637","25","181","1637","1979-01-0410:28:36"
"19","1638","0","101","1638","1991-10-1006:59:55"
"20","1639","28","98","1639","1985-02-2518:41:06"
"1","1640","28","185","1640","1988-08-2902:41:21"
"2","1641","23","189","1641","1991-07-2311:11:10"
"3","1642","30","42","1642","1992-11-1411:36:04"
"4","1643","19","150","1643","1972-04-2502:02:11"
"5","1644","43","13","1644","1989-10-3122:58:39"
"6","1645","18","185","1645","2015-06-2910:30:15"
"7","1646","22","90","1646","1999-06-2105:18:06"
"8","1647","35","60","1647","1995-06-1617:17:59"
"9","1648","33","165","1648","1972-03-2603:53:39"
"10","1649","15","139","1649","1972-01-2711:58:18"
"11","1650","22","22","1650","1975-08-0412:38:26"
"12","1651","44","194","1651","1997-12-0206:42:13"
"13","1652","9","91","1652","2020-12-0123:55:36"
"14","1653","6","41","1653","1996-05-2523:21:20"
"15","1654","47","113","1654","1986-09-1815:08:11"
"16","1655","48","11","1655","1992-01-0404:43:39"
"17","1656","29","93","1656","1987-07-3104:25:45"
"18","1657","49","86","1657","1990-07-0503:59:03"
"19","1658","29","44","1658","1982-07-2021:16:58"
"20","1659","24","125","1659","1986-12-1222:37:30"
"1","1660","29","2","1660","1984-07-1211:05:30"
"2","1661","45","59","1661","1997-11-0615:03:32"
"3","1662","3","156","1662","1973-05-2806:40:41"
"4","1663","33","113","1663","2001-07-1804:28:52"
"5","1664","26","41","1664","1977-05-1005:50:01"
"6","1665","20","53","1665","1980-01-1614:47:09"
"7","1666","6","119","1666","1980-02-0701:02:49"
"8","1667","13","80","1667","1994-05-2207:45:35"
"9","1668","8","35","1668","1970-04-1002:59:05"
"10","1669","6","84","1669","1970-02-0507:31:54"
"11","1670","41","46","1670","2011-12-1109:34:14"
"12","1671","31","189","1671","1974-11-1223:23:15"
"13","1672","15","135","1672","2008-09-0707:14:37"
"14","1673","28","59","1673","1993-09-2105:08:47"
"15","1674","21","180","1674","1978-04-0904:43:38"
"16","1675","23","119","1675","2006-12-2307:31:31"
"17","1676","28","130","1676","1996-05-2207:44:49"
"18","1677","8","79","1677","1984-09-2011:32:39"
"19","1678","31","133","1678","2008-01-0614:35:33"
"20","1679","48","129","1679","2015-05-2414:43:41"
"1","1680","30","79","1680","1989-02-2407:17:01"
"2","1681","14","52","1681","1993-01-1211:49:32"
"3","1682","7","172","1682","1978-05-2107:51:42"
"4","1683","0","174","1683","1983-03-2804:46:50"
"5","1684","6","87","1684","1970-08-2913:05:39"
"6","1685","19","108","1685","1985-10-0109:39:46"
"7","1686","33","182","1686","1986-03-2421:02:53"
"8","1687","37","131","1687","1981-06-1812:40:54"
"9","1688","31","45","1688","1991-07-0108:54:11"
"10","1689","23","112","1689","1977-05-2106:42:01"
"11","1690","22","136","1690","1985-07-0610:48:00"
"12","1691","42","93","1691","1994-06-0918:49:34"
"13","1692","2","52","1692","2015-04-2000:45:28"
"14","1693","36","21","1693","1991-09-1810:20:10"
"15","1694","4","27","1694","2017-04-2316:22:54"
"16","1695","19","137","1695","1983-02-2600:14:50"
"17","1696","22","35","1696","1992-08-2107:23:39"
"18","1697","9","101","1697","2018-05-2117:01:30"
"19","1698","22","121","1698","1985-09-0310:21:45"
"20","1699","43","133","1699","2015-06-2810:08:50"
"1","1700","1","151","1700","1985-08-1015:04:27"
"2","1701","9","150","1701","1986-02-1209:17:12"
"3","1702","23","151","1702","1991-04-2806:42:00"
"4","1703","19","125","1703","1999-05-2917:18:53"
"5","1704","46","74","1704","1979-05-1022:27:27"
"6","1705","39","89","1705","2008-04-1204:56:34"
"7","1706","8","193","1706","1991-05-1420:42:46"
"8","1707","13","153","1707","1973-06-2201:47:49"
"9","1708","44","46","1708","1974-03-3014:33:00"
"10","1709","1","198","1709","1988-07-1622:11:43"
"11","1710","3","142","1710","2017-06-1601:32:32"
"12","1711","3","171","1711","1981-04-0620:10:47"
"13","1712","11","140","1712","2009-09-2305:46:04"
"14","1713","43","114","1713","1981-09-0200:59:17"
"15","1714","22","81","1714","2010-09-3015:38:22"
"16","1715","45","85","1715","2012-12-1715:44:31"
"17","1716","5","190","1716","2008-12-2904:52:04"
"18","1717","2","99","1717","1984-09-1806:13:38"
"19","1718","23","191","1718","1978-12-0822:51:56"
"20","1719","47","71","1719","1999-09-2019:16:25"
"1","1720","23","104","1720","2016-03-1401:44:33"
"2","1721","25","84","1721","1990-06-0820:39:41"
"3","1722","8","24","1722","2015-05-0418:50:21"
"4","1723","27","102","1723","2007-04-2201:36:49"
"5","1724","45","109","1724","2007-04-1722:49:35"
"6","1725","37","157","1725","2001-04-0218:15:17"
"7","1726","25","122","1726","1977-01-2714:20:52"
"8","1727","16","38","1727","2017-02-1021:09:58"
"9","1728","17","37","1728","2012-07-3018:24:48"
"10","1729","31","35","1729","1992-07-1920:26:11"
"11","1730","11","49","1730","1994-03-0204:12:46"
"12","1731","45","55","1731","1976-09-2103:00:49"
"13","1732","33","116","1732","2019-10-1905:50:27"
"14","1733","5","39","1733","1988-03-2609:24:04"
"15","1734","5","178","1734","1992-09-0914:28:18"
"16","1735","2","108","1735","1991-10-2523:07:10"
"17","1736","7","116","1736","1974-01-0814:58:46"
"18","1737","28","95","1737","1979-07-1908:05:46"
"19","1738","48","82","1738","2003-04-0501:32:35"
"20","1739","20","71","1739","1977-05-3119:15:53"
"1","1740","19","3","1740","2012-08-0323:46:39"
"2","1741","36","124","1741","1987-11-0719:37:52"
"3","1742","15","114","1742","1994-03-2900:17:12"
"4","1743","36","189","1743","1995-07-2006:07:34"
"5","1744","32","77","1744","2013-10-0918:39:55"
"6","1745","19","148","1745","1990-07-2509:12:12"
"7","1746","43","80","1746","1998-11-1510:12:50"
"8","1747","14","192","1747","1993-02-2804:43:00"
"9","1748","5","44","1748","1977-08-1200:13:26"
"10","1749","9","125","1749","1983-07-2611:21:18"
"11","1750","7","114","1750","1996-07-0707:53:16"
"12","1751","5","117","1751","2018-12-2811:57:51"
"13","1752","6","137","1752","1970-05-2220:55:45"
"14","1753","16","137","1753","1971-03-0107:21:20"
"15","1754","42","80","1754","1987-11-2206:38:44"
"16","1755","48","126","1755","2014-11-1500:58:59"
"17","1756","28","173","1756","1985-08-2805:51:02"
"18","1757","17","162","1757","1970-09-2023:59:11"
"19","1758","29","185","1758","1996-01-1211:12:43"
"20","1759","28","81","1759","1985-08-0619:05:57"
"1","1760","40","151","1760","2005-05-0404:15:56"
"2","1761","16","118","1761","1974-01-1800:24:22"
"3","1762","35","124","1762","2021-09-1505:56:01"
"4","1763","42","100","1763","2009-08-1011:04:32"
"5","1764","46","137","1764","1985-07-2315:20:42"
"6","1765","8","55","1765","1975-07-2703:27:15"
"7","1766","27","61","1766","1988-08-2805:09:01"
"8","1767","43","51","1767","2008-08-2004:16:38"
"9","1768","47","152","1768","1989-12-0120:00:21"
"10","1769","2","62","1769","1999-08-0922:09:51"
"11","1770","16","199","1770","1978-11-0117:45:33"
"12","1771","38","158","1771","1994-05-2914:23:18"
"13","1772","16","15","1772","1976-07-0321:09:06"
"14","1773","48","107","1773","1979-10-1602:57:41"
"15","1774","17","7","1774","2005-01-1508:35:58"
"16","1775","18","92","1775","2021-05-1919:14:15"
"17","1776","30","153","1776","1981-05-1207:09:35"
"18","1777","44","169","1777","2021-04-1603:10:57"
"19","1778","10","104","1778","2006-02-1505:49:37"
"20","1779","46","73","1779","1976-06-3008:11:25"
"1","1780","16","57","1780","1989-08-2419:53:23"
"2","1781","35","101","1781","1997-06-2000:41:53"
"3","1782","34","98","1782","1975-03-3017:21:51"
"4","1783","8","198","1783","1979-12-1613:58:56"
"5","1784","19","2","1784","1971-04-2217:32:28"
"6","1785","46","166","1785","1976-05-3110:16:37"
"7","1786","30","89","1786","2019-08-0300:07:47"
"8","1787","39","200","1787","2014-10-0305:57:57"
"9","1788","42","157","1788","1997-11-1421:13:42"
"10","1789","11","56","1789","1972-02-1110:08:54"
"11","1790","42","16","1790","1983-09-0813:32:15"
"12","1791","16","156","1791","1981-10-1812:09:58"
"13","1792","10","98","1792","1999-12-1200:42:04"
"14","1793","44","181","1793","2003-09-0803:47:55"
"15","1794","4","75","1794","1985-08-2214:40:08"
"16","1795","0","111","1795","1987-07-1615:02:03"
"17","1796","4","89","1796","2016-04-2308:07:51"
"18","1797","48","104","1797","2013-04-2221:46:51"
"19","1798","5","39","1798","2011-07-0501:01:21"
"20","1799","40","136","1799","2017-03-1319:22:23"
"1","1800","41","187","1800","2000-02-0214:11:11"
"2","1801","38","45","1801","2012-11-0314:42:23"
"3","1802","7","87","1802","2003-12-1408:38:20"
"4","1803","22","96","1803","2011-01-1716:32:23"
"5","1804","27","83","1804","1988-06-0317:54:10"
"6","1805","48","163","1805","1997-03-1105:33:04"
"7","1806","26","179","1806","2018-01-2002:35:06"
"8","1807","48","70","1807","1987-03-3000:21:39"
"9","1808","9","53","1808","1988-12-2401:27:17"
"10","1809","8","40","1809","1994-01-2010:57:43"
"11","1810","8","137","1810","1985-10-0609:03:08"
"12","1811","6","37","1811","1977-06-2700:01:36"
"13","1812","29","113","1812","2010-05-2011:39:48"
"14","1813","6","133","1813","1999-11-0422:29:52"
"15","1814","6","110","1814","1982-12-0605:40:17"
"16","1815","31","85","1815","1989-02-1017:58:07"
"17","1816","35","187","1816","1981-11-2502:26:58"
"18","1817","16","174","1817","1972-03-1916:43:04"
"19","1818","7","152","1818","2016-08-2614:16:02"
"20","1819","18","5","1819","1998-02-2310:41:36"
"1","1820","8","199","1820","1972-09-0109:13:34"
"2","1821","12","57","1821","1970-07-2519:52:13"
"3","1822","25","177","1822","1973-11-2001:11:15"
"4","1823","25","151","1823","1988-03-2002:53:59"
"5","1824","47","8","1824","2009-04-1422:23:38"
"6","1825","4","166","1825","1972-11-0104:13:19"
"7","1826","27","34","1826","1975-05-0611:06:00"
"8","1827","28","120","1827","1998-07-0402:27:23"
"9","1828","10","36","1828","2002-05-0813:54:15"
"10","1829","36","92","1829","1984-02-1516:54:37"
"11","1830","14","35","1830","1990-07-1403:03:30"
"12","1831","17","189","1831","1974-07-0418:35:32"
"13","1832","19","16","1832","2003-08-3118:05:44"
"14","1833","1","121","1833","1974-08-1921:00:59"
"15","1834","23","135","1834","1975-02-2514:47:03"
"16","1835","36","50","1835","2009-12-1304:42:20"
"17","1836","10","61","1836","1994-02-2803:50:15"
"18","1837","46","176","1837","1985-04-1607:41:45"
"19","1838","36","1","1838","1975-08-2815:29:09"
"20","1839","15","178","1839","1978-11-0619:47:24"
"1","1840","13","10","1840","1985-11-3005:32:30"
"2","1841","9","132","1841","1989-07-2719:23:08"
"3","1842","40","18","1842","2003-03-0404:29:39"
"4","1843","41","27","1843","1992-07-0801:14:17"
"5","1844","43","197","1844","1989-07-0810:40:36"
"6","1845","44","28","1845","1991-03-2122:01:49"
"7","1846","16","102","1846","1982-10-2914:28:39"
"8","1847","22","26","1847","2001-06-0314:04:44"
"9","1848","47","183","1848","2018-03-1811:48:09"
"10","1849","26","147","1849","2013-04-1215:15:50"
"11","1850","33","181","1850","1998-05-2914:56:30"
"12","1851","34","123","1851","2014-03-1706:33:10"
"13","1852","7","71","1852","2000-02-1215:03:51"
"14","1853","19","110","1853","1998-08-2012:25:20"
"15","1854","17","165","1854","2020-03-3022:44:22"
"16","1855","19","192","1855","2000-04-2814:01:49"
"17","1856","22","105","1856","1987-04-2314:53:08"
"18","1857","49","94","1857","1983-01-0319:09:25"
"19","1858","47","140","1858","1976-04-1507:29:06"
"20","1859","10","52","1859","1973-08-1520:10:24"
"1","1860","7","16","1860","1998-12-1606:51:43"
"2","1861","12","60","1861","2009-03-1715:32:08"
"3","1862","12","5","1862","1998-05-2716:47:51"
"4","1863","20","171","1863","1983-11-2522:30:05"
"5","1864","40","116","1864","2015-11-0515:53:25"
"6","1865","22","157","1865","2001-11-3004:09:15"
"7","1866","4","145","1866","2011-04-1401:10:40"
"8","1867","8","13","1867","2009-03-1116:38:30"
"9","1868","0","134","1868","2018-10-1314:53:04"
"10","1869","22","11","1869","1970-04-0204:04:49"
"11","1870","21","71","1870","1982-10-2819:09:29"
"12","1871","44","33","1871","1976-12-0409:45:15"
"13","1872","35","60","1872","2009-01-0413:30:38"
"14","1873","33","197","1873","2014-08-2600:30:45"
"15","1874","46","95","1874","2005-05-0114:11:33"
"16","1875","39","106","1875","1979-02-0314:00:10"
"17","1876","29","87","1876","1982-02-2516:37:41"
"18","1877","2","191","1877","1992-01-1809:59:56"
"19","1878","23","129","1878","1992-05-2601:45:49"
"20","1879","35","33","1879","1995-02-0200:43:53"
"1","1880","18","133","1880","2012-12-1912:36:20"
"2","1881","3","149","1881","1989-01-0318:17:49"
"3","1882","6","89","1882","2011-06-2517:19:53"
"4","1883","32","62","1883","1989-08-0721:44:54"
"5","1884","6","163","1884","1989-12-0806:15:00"
"6","1885","48","111","1885","2017-12-0905:59:31"
"7","1886","41","38","1886","2006-02-1516:51:49"
"8","1887","18","4","1887","1978-06-1805:33:38"
"9","1888","7","33","1888","2010-02-1600:26:08"
"10","1889","1","73","1889","2012-05-0420:33:20"
"11","1890","32","120","1890","1989-01-0903:25:30"
"12","1891","24","6","1891","2005-05-1119:04:43"
"13","1892","38","17","1892","2011-09-2703:18:07"
"14","1893","22","150","1893","1996-12-0612:59:54"
"15","1894","24","23","1894","2012-03-0614:21:34"
"16","1895","30","139","1895","1973-03-1304:11:57"
"17","1896","4","128","1896","1986-03-2815:01:21"
"18","1897","27","32","1897","2015-11-1600:37:38"
"19","1898","36","172","1898","2012-10-0312:17:40"
"20","1899","32","100","1899","2019-04-1301:57:40"
"1","1900","27","154","1900","1980-09-2009:34:35"
"2","1901","12","104","1901","1997-02-0310:27:15"
"3","1902","19","133","1902","2010-02-2500:05:31"
"4","1903","42","122","1903","2007-10-2902:18:20"
"5","1904","16","187","1904","1981-12-1419:20:50"
"6","1905","5","112","1905","1979-07-1703:45:00"
"7","1906","10","17","1906","2011-06-2110:23:13"
"8","1907","31","151","1907","1990-09-1315:51:40"
"9","1908","18","178","1908","2003-06-2912:35:35"
"10","1909","4","26","1909","2012-01-1008:40:49"
"11","1910","5","90","1910","1983-01-1603:08:23"
"12","1911","5","50","1911","2015-01-0710:34:51"
"13","1912","33","176","1912","1981-10-1214:30:18"
"14","1913","4","151","1913","1975-08-2708:21:05"
"15","1914","26","0","1914","1986-02-2416:20:26"
"16","1915","46","110","1915","2011-07-2502:39:01"
"17","1916","4","60","1916","1985-03-1401:21:51"
"18","1917","24","78","1917","2017-09-1109:11:35"
"19","1918","3","156","1918","1987-03-2502:24:16"
"20","1919","21","146","1919","2008-09-1414:16:50"
"1","1920","15","143","1920","1992-11-1207:11:56"
"2","1921","32","100","1921","1987-05-0219:42:52"
"3","1922","34","10","1922","1992-07-0205:27:26"
"4","1923","1","152","1923","2012-04-1504:41:05"
"5","1924","46","70","1924","1980-04-2807:17:24"
"6","1925","24","158","1925","2020-11-0806:38:50"
"7","1926","11","112","1926","1995-03-2907:51:21"
"8","1927","46","68","1927","2014-10-2719:01:32"
"9","1928","39","82","1928","2012-02-2608:10:56"
"10","1929","22","122","1929","1973-03-0421:32:03"
"11","1930","2","136","1930","1994-05-0415:21:24"
"12","1931","26","68","1931","1981-12-1122:08:07"
"13","1932","38","44","1932","1999-03-1119:14:37"
"14","1933","22","180","1933","1980-11-2203:57:31"
"15","1934","15","116","1934","2007-06-1813:12:20"
"16","1935","30","149","1935","1994-09-2106:59:54"
"17","1936","16","46","1936","2004-12-0421:05:03"
"18","1937","49","130","1937","1992-12-1111:02:53"
"19","1938","20","168","1938","1987-01-2304:33:38"
"20","1939","49","194","1939","1983-05-0606:37:11"
"1","1940","35","170","1940","1979-09-1522:27:45"
"2","1941","35","105","1941","2005-09-0422:00:23"
"3","1942","30","143","1942","2013-04-2804:31:55"
"4","1943","24","101","1943","1983-10-0717:09:01"
"5","1944","32","192","1944","2006-08-0420:03:33"
"6","1945","15","56","1945","2004-07-1105:33:02"
"7","1946","3","4","1946","2005-10-2601:45:08"
"8","1947","25","37","1947","1999-10-2603:28:22"
"9","1948","42","29","1948","1990-11-2817:35:25"
"10","1949","13","92","1949","1995-04-1906:11:29"
"11","1950","40","79","1950","2012-04-1002:43:43"
"12","1951","45","138","1951","2011-09-1116:52:10"
"13","1952","7","77","1952","1990-08-3008:21:36"
"14","1953","25","27","1953","2014-05-1003:17:24"
"15","1954","23","35","1954","1985-10-0621:07:38"
"16","1955","22","9","1955","2021-09-0408:07:57"
"17","1956","37","120","1956","2009-06-2614:33:11"
"18","1957","46","145","1957","1981-07-1807:23:48"
"19","1958","27","83","1958","1997-05-0701:50:47"
"20","1959","6","95","1959","1975-02-1819:04:45"
"1","1960","49","182","1960","2000-02-1407:43:29"
"2","1961","27","3","1961","1976-06-1207:40:15"
"3","1962","39","51","1962","2005-06-0723:40:05"
"4","1963","31","68","1963","2019-06-2418:09:21"
"5","1964","40","16","1964","1989-07-1500:04:28"
"6","1965","14","118","1965","2008-06-1305:36:34"
"7","1966","33","3","1966","1976-04-2617:37:28"
"8","1967","37","68","1967","2019-12-2004:16:20"
"9","1968","35","128","1968","1994-06-2416:24:10"
"10","1969","28","5","1969","1983-07-2904:40:49"
"11","1970","5","102","1970","1978-09-0408:43:47"
"12","1971","35","25","1971","1986-01-0823:45:01"
"13","1972","30","82","1972","1978-05-2010:16:20"
"14","1973","32","158","1973","1978-09-1710:42:01"
"15","1974","35","178","1974","2017-04-0218:07:30"
"16","1975","47","146","1975","2007-09-2305:06:35"
"17","1976","4","114","1976","1990-11-0509:59:39"
"18","1977","25","156","1977","1982-06-3009:25:50"
"19","1978","17","135","1978","1979-11-0909:47:15"
"20","1979","44","150","1979","1977-06-1300:46:10"
"1","1980","2","173","1980","1985-09-1500:28:56"
"2","1981","8","48","1981","1993-12-2506:47:24"
"3","1982","31","14","1982","2017-01-2119:36:23"
"4","1983","41","29","1983","1993-03-0720:41:50"
"5","1984","6","10","1984","2003-03-0511:48:01"
"6","1985","27","142","1985","1990-06-1304:55:36"
"7","1986","38","78","1986","2005-04-1507:06:15"
"8","1987","10","200","1987","1970-09-1012:10:01"
"9","1988","27","41","1988","2003-06-2318:19:28"
"10","1989","11","38","1989","1979-01-2320:29:03"
"11","1990","4","55","1990","2002-11-2604:34:36"
"12","1991","18","128","1991","1999-03-3012:47:34"
"13","1992","43","176","1992","1982-07-3002:09:11"
"14","1993","22","144","1993","1973-04-0101:51:03"
"15","1994","31","68","1994","1979-10-1514:56:22"
"16","1995","14","34","1995","2021-03-2520:11:18"
"17","1996","41","147","1996","2006-05-1612:11:53"
"18","1997","3","63","1997","1984-07-1706:47:00"
"19","1998","13","152","1998","2021-03-1409:56:04"
"20","1999","47","14","1999","1991-01-2100:23:32"
"1","2000","22","5","2000","1984-04-1313:13:31"
