"0","0","30","72","0","2021-04-0719:08:06"
"1","1","43","127","1","1977-09-0211:28:44"
"2","2","20","129","2","1971-02-1023:52:44"
"3","3","43","150","3","2015-05-0107:29:57"
"4","4","24","8","4","1989-02-1003:41:32"
"5","5","38","62","5","2018-04-0104:17:44"
"6","6","21","103","6","2001-12-1518:06:32"
"7","7","8","170","7","2009-05-0509:55:50"
"8","8","28","93","8","2011-12-2506:09:28"
"9","9","39","179","9","2002-03-2411:00:27"
"0","10","37","172","10","2009-10-0320:14:49"
"1","11","4","95","11","1997-09-2320:19:34"
"2","12","33","112","12","2009-10-1208:35:39"
"3","13","5","130","13","1993-03-0521:09:36"
"4","14","8","199","14","1988-05-2413:47:17"
"5","15","43","133","15","2018-05-0417:33:26"
"6","16","18","100","16","1970-06-1405:49:32"
"7","17","37","125","17","2002-12-1223:23:31"
"8","18","24","7","18","1987-01-1304:36:30"
"9","19","15","11","19","2018-01-0702:11:53"
"0","20","43","180","20","1975-10-1309:21:22"
"1","21","30","157","21","2012-02-0609:21:33"
"2","22","20","148","22","1973-06-2607:07:32"
"3","23","8","165","23","1975-05-2008:18:34"
"4","24","25","43","24","2006-07-2523:34:45"
"5","25","0","58","25","1985-03-1806:18:27"
"6","26","10","197","26","1985-07-2712:11:05"
"7","27","47","138","27","1990-10-0420:59:24"
"8","28","11","140","28","1973-03-0215:14:48"
"9","29","26","103","29","1974-01-1312:51:05"
"0","30","48","88","30","2008-01-2908:09:20"
"1","31","18","147","31","2014-08-0123:21:38"
"2","32","46","117","32","2021-07-2808:43:29"
"3","33","33","68","33","2010-02-1101:08:45"
"4","34","31","140","34","2016-07-1701:50:29"
"5","35","0","186","35","1992-12-3100:39:15"
"6","36","40","98","36","1971-05-0222:35:21"
"7","37","26","189","37","2004-08-2005:07:14"
"8","38","26","33","38","1976-07-1409:00:31"
"9","39","28","199","39","1977-03-1915:47:07"
"0","40","21","52","40","1979-08-0401:28:16"
"1","41","24","14","41","2010-01-1809:57:36"
"2","42","29","93","42","2019-02-1602:39:37"
"3","43","10","141","43","2006-02-1010:56:47"
"4","44","21","129","44","2013-03-2923:39:09"
"5","45","41","124","45","1986-01-1012:45:52"
"6","46","21","91","46","2010-10-0910:34:02"
"7","47","0","88","47","1989-03-0918:18:52"
"8","48","27","137","48","1988-05-0402:28:51"
"9","49","40","159","49","2003-03-0413:10:04"
"0","50","16","156","50","1977-04-1510:41:00"
"1","51","30","117","51","1993-12-0807:19:55"
"2","52","41","7","52","1980-10-0613:54:22"
"3","53","32","58","53","1998-12-2015:27:09"
"4","54","28","45","54","1981-05-2803:50:31"
"5","55","9","149","55","1984-11-1619:48:59"
"6","56","40","23","56","2000-09-2204:08:27"
"7","57","40","141","57","2009-09-1202:26:44"
"8","58","1","65","58","1991-04-1102:57:28"
"9","59","3","172","59","1990-12-1614:00:04"
"0","60","44","21","60","1979-03-3121:43:34"
"1","61","23","4","61","1987-06-1911:42:59"
"2","62","38","3","62","1971-07-0620:18:50"
"3","63","14","193","63","2006-09-1005:49:51"
"4","64","13","63","64","2005-02-0906:34:55"
"5","65","40","28","65","1978-05-2119:48:50"
"6","66","9","159","66","1971-01-3020:25:26"
"7","67","14","88","67","2020-05-0123:12:15"
"8","68","8","17","68","2002-07-2208:34:42"
"9","69","13","40","69","1995-03-2314:36:36"
"0","70","48","135","70","1979-04-0318:10:04"
"1","71","33","43","71","1997-07-0812:32:52"
"2","72","33","69","72","2004-06-2523:53:09"
"3","73","15","182","73","2020-10-1919:53:41"
"4","74","35","116","74","1998-01-2712:08:42"
"5","75","25","82","75","1982-08-1903:53:33"
"6","76","5","121","76","1981-02-0109:24:01"
"7","77","15","6","77","1991-08-2115:51:20"
"8","78","17","98","78","2019-04-0316:51:52"
"9","79","40","107","79","2002-09-0214:40:49"
"0","80","13","48","80","1989-01-0302:20:32"
"1","81","12","27","81","1975-08-2805:18:46"
"2","82","26","186","82","1981-01-2503:14:14"
"3","83","49","53","83","2016-12-2018:31:08"
"4","84","22","155","84","1973-03-0602:18:30"
"5","85","11","5","85","2019-03-2419:18:28"
"6","86","20","4","86","1977-06-0609:40:55"
"7","87","1","37","87","1978-04-0205:12:57"
"8","88","49","184","88","2021-04-2905:54:57"
"9","89","22","41","89","1984-03-2420:32:18"
"0","90","25","180","90","1995-01-1606:12:41"
"1","91","21","173","91","1992-09-0622:37:40"
"2","92","42","139","92","1982-12-1109:27:23"
"3","93","50","56","93","1990-03-2005:48:41"
"4","94","40","161","94","1988-11-1704:24:00"
"5","95","26","177","95","2008-10-1706:01:42"
"6","96","11","115","96","1995-02-2719:28:25"
"7","97","33","134","97","2008-12-0120:47:00"
"8","98","20","7","98","2020-06-2222:12:35"
"9","99","29","172","99","2013-12-2711:35:35"
"0","100","33","82","100","2004-05-2300:19:54"
"1","101","21","161","101","2017-03-0713:58:06"
"2","102","37","15","102","2015-12-1012:36:04"
"3","103","6","76","103","2013-07-2917:27:46"
"4","104","44","54","104","1994-06-2721:22:26"
"5","105","15","12","105","2020-02-0722:16:47"
"6","106","43","18","106","1991-08-0611:15:18"
"7","107","15","19","107","1976-08-3107:47:20"
"8","108","38","76","108","2012-12-2416:18:42"
"9","109","21","40","109","2006-11-1720:26:36"
"0","110","12","144","110","2007-10-1300:46:45"
"1","111","0","33","111","1997-01-0616:13:50"
"2","112","44","143","112","1976-06-1202:49:50"
"3","113","30","9","113","1987-06-1513:53:04"
"4","114","49","55","114","2006-04-2418:27:42"
"5","115","23","145","115","2016-12-0902:04:44"
"6","116","42","43","116","2005-07-0900:07:30"
"7","117","36","199","117","1993-02-1007:01:19"
"8","118","26","159","118","1982-12-2513:36:49"
"9","119","19","9","119","1980-10-1623:54:50"
"0","120","17","51","120","1973-06-0202:21:38"
"1","121","10","25","121","1975-08-1218:15:44"
"2","122","34","146","122","2002-03-1404:30:16"
"3","123","30","110","123","2019-11-1304:36:13"
"4","124","25","49","124","2017-09-2615:00:54"
"5","125","48","26","125","2015-10-2520:54:42"
"6","126","19","170","126","1982-07-2921:34:31"
"7","127","25","75","127","1981-12-2220:51:32"
"8","128","0","127","128","2009-02-2621:15:09"
"9","129","31","83","129","1983-11-1919:45:07"
"0","130","46","102","130","1986-05-1111:22:55"
"1","131","0","72","131","1999-07-1201:00:51"
"2","132","10","40","132","1979-03-2512:29:07"
"3","133","41","83","133","2016-10-0303:13:45"
"4","134","40","144","134","2001-11-0923:02:04"
"5","135","17","34","135","2016-09-1508:42:15"
"6","136","10","109","136","1985-05-2603:18:50"
"7","137","34","68","137","1982-09-2400:55:01"
"8","138","42","24","138","2018-01-1017:29:26"
"9","139","47","97","139","1995-08-2514:01:29"
"0","140","17","140","140","2015-01-1311:59:42"
"1","141","27","175","141","2007-12-2406:11:57"
"2","142","39","124","142","2006-06-1006:28:41"
"3","143","12","136","143","2006-05-1710:36:49"
"4","144","37","16","144","2018-12-1100:57:47"
"5","145","4","10","145","2015-12-2606:26:09"
"6","146","8","34","146","2015-06-1106:04:52"
"7","147","46","42","147","1979-05-2606:42:52"
"8","148","10","137","148","2008-03-2811:20:06"
"9","149","38","68","149","1974-11-0616:07:01"
"0","150","30","85","150","1991-10-2707:28:49"
"1","151","43","129","151","1993-12-0718:23:07"
"2","152","18","65","152","1987-05-0516:30:39"
"3","153","17","86","153","1976-08-0713:39:25"
"4","154","14","29","154","1978-05-0313:37:56"
"5","155","44","60","155","1976-02-1914:45:40"
"6","156","39","154","156","1988-08-2814:07:50"
"7","157","45","183","157","2010-06-2109:02:55"
"8","158","6","125","158","1995-03-0603:52:11"
"9","159","28","148","159","2019-02-1301:16:49"
"0","160","5","197","160","2020-04-1400:35:39"
"1","161","2","82","161","1975-05-1510:34:11"
"2","162","3","104","162","1995-02-2311:13:29"
"3","163","44","97","163","2012-06-0403:02:10"
"4","164","42","37","164","2000-12-2804:57:12"
"5","165","17","32","165","2012-08-2709:22:54"
"6","166","31","29","166","1981-07-0907:12:56"
"7","167","40","150","167","1983-09-3013:17:06"
"8","168","3","96","168","1972-02-0912:27:09"
"9","169","28","146","169","2009-05-2706:21:17"
"0","170","28","57","170","2004-03-0319:27:51"
"1","171","48","20","171","1982-01-0913:50:39"
"2","172","18","68","172","1980-01-1801:28:16"
"3","173","28","75","173","2000-01-2217:04:29"
"4","174","47","136","174","2007-04-1921:16:51"
"5","175","23","29","175","2017-07-2807:35:57"
"6","176","5","70","176","1984-12-3109:14:55"
"7","177","42","11","177","1973-03-0708:55:08"
"8","178","0","75","178","2005-03-2504:12:52"
"9","179","34","157","179","2006-09-1607:05:08"
"0","180","4","3","180","1982-02-1621:17:15"
"1","181","5","105","181","1984-08-1816:33:35"
"2","182","9","10","182","1989-04-0620:25:11"
"3","183","40","61","183","1974-04-2402:25:48"
"4","184","21","150","184","2011-03-1709:44:28"
"5","185","5","41","185","1977-01-0618:33:01"
"6","186","8","115","186","2011-11-0414:00:36"
"7","187","12","174","187","2016-01-1419:52:36"
"8","188","38","40","188","1970-06-0618:46:02"
"9","189","22","26","189","2001-07-2210:23:19"
"0","190","41","96","190","2001-12-2422:15:55"
"1","191","46","138","191","1989-07-1206:06:06"
"2","192","28","75","192","2007-07-1616:02:16"
"3","193","36","64","193","1978-12-2013:50:09"
"4","194","16","122","194","1984-03-1216:50:57"
"5","195","10","25","195","1999-04-1617:39:16"
"6","196","16","166","196","1974-07-1715:49:22"
"7","197","1","10","197","1987-06-0120:03:33"
"8","198","40","2","198","1990-05-0112:34:52"
"9","199","37","75","199","1975-08-2021:46:20"
"0","200","16","152","200","2018-08-1416:48:10"
"1","201","20","115","201","1980-02-2407:41:51"
"2","202","20","80","202","1980-10-1323:55:02"
"3","203","3","16","203","2013-06-1400:39:17"
"4","204","49","81","204","2008-07-1400:44:06"
"5","205","49","153","205","2015-09-2411:32:56"
"6","206","5","116","206","1978-02-2102:14:11"
"7","207","11","64","207","1970-09-2308:43:30"
"8","208","31","200","208","1982-12-2016:31:39"
"9","209","45","199","209","1980-11-3021:09:06"
"0","210","44","138","210","2004-03-1800:58:38"
"1","211","24","176","211","2015-07-2100:06:48"
"2","212","18","169","212","1984-09-1609:00:40"
"3","213","9","66","213","1985-03-0816:33:35"
"4","214","10","138","214","2019-09-1104:00:17"
"5","215","10","78","215","1991-03-1516:45:50"
"6","216","18","63","216","2011-03-0410:07:52"
"7","217","41","20","217","2002-09-2116:45:35"
"8","218","4","71","218","1982-11-2116:03:12"
"9","219","22","192","219","1997-02-1914:20:29"
"0","220","33","23","220","1976-04-0610:37:29"
"1","221","32","147","221","2006-11-2522:04:07"
"2","222","48","86","222","1972-10-0502:23:55"
"3","223","19","58","223","1999-03-0123:39:30"
"4","224","2","78","224","1973-09-2922:56:53"
"5","225","9","83","225","2011-01-2110:49:33"
"6","226","40","81","226","1993-04-1210:19:02"
"7","227","45","148","227","1991-11-0422:20:30"
"8","228","12","77","228","2002-02-1814:58:48"
"9","229","5","85","229","1970-12-0720:30:00"
"0","230","31","139","230","1979-05-2616:31:38"
"1","231","41","148","231","2007-06-2417:52:09"
"2","232","4","152","232","1980-04-1909:46:00"
"3","233","11","62","233","1984-07-2912:14:36"
"4","234","41","5","234","1974-11-2515:35:48"
"5","235","20","62","235","1970-05-0706:51:47"
"6","236","13","18","236","1996-04-2017:38:03"
"7","237","44","141","237","2000-03-2311:05:09"
"8","238","37","18","238","2001-07-2011:25:01"
"9","239","1","19","239","2014-08-0810:03:13"
"0","240","0","162","240","2009-05-3114:13:51"
"1","241","38","74","241","1985-11-1005:37:58"
"2","242","25","91","242","1972-09-0901:42:02"
"3","243","44","120","243","1977-06-1821:08:33"
"4","244","5","39","244","1988-09-1507:18:29"
"5","245","39","128","245","1975-12-1022:49:39"
"6","246","3","83","246","2013-01-0510:06:52"
"7","247","48","130","247","2002-09-1220:50:05"
"8","248","8","170","248","2021-08-2916:07:37"
"9","249","39","45","249","2008-03-0309:55:29"
"0","250","7","38","250","1997-03-3107:18:00"
"1","251","15","81","251","1991-03-1404:09:55"
"2","252","36","27","252","1985-11-2816:40:00"
"3","253","42","131","253","1976-02-2123:05:06"
"4","254","15","154","254","1993-05-1404:02:27"
"5","255","45","32","255","1997-11-0312:53:57"
"6","256","7","52","256","2002-01-1023:38:52"
"7","257","46","139","257","2021-07-1506:10:28"
"8","258","1","184","258","2005-09-1610:56:48"
"9","259","16","199","259","2021-02-0605:05:55"
"0","260","41","159","260","1978-05-1218:49:00"
"1","261","46","172","261","1985-06-1600:03:05"
"2","262","43","141","262","1994-08-2301:13:10"
"3","263","35","191","263","2010-11-0309:18:19"
"4","264","9","52","264","2011-03-0503:50:38"
"5","265","22","76","265","1998-02-0923:27:59"
"6","266","8","137","266","1970-04-2713:35:34"
"7","267","36","12","267","2018-05-1510:03:31"
"8","268","12","170","268","1980-12-2602:11:54"
"9","269","39","64","269","1996-09-0110:34:57"
"0","270","34","16","270","2005-03-0121:33:34"
"1","271","41","114","271","1981-07-2910:54:14"
"2","272","28","110","272","2008-02-0402:48:57"
"3","273","27","64","273","2001-10-0720:18:13"
"4","274","43","112","274","2002-09-0701:48:56"
"5","275","23","137","275","1991-02-1415:43:22"
"6","276","20","2","276","1970-01-2815:45:20"
"7","277","8","86","277","2020-03-2321:00:34"
"8","278","24","66","278","1976-09-0912:16:51"
"9","279","40","6","279","2012-08-1608:45:23"
"0","280","47","165","280","1981-11-2205:42:01"
"1","281","49","106","281","1975-02-2616:26:21"
"2","282","0","146","282","2001-11-1606:52:30"
"3","283","35","15","283","1991-03-0820:58:20"
"4","284","29","90","284","2012-10-1105:07:30"
"5","285","30","35","285","2011-09-2919:21:04"
"6","286","7","32","286","1995-11-0602:44:47"
"7","287","42","66","287","1972-07-1207:26:38"
"8","288","20","70","288","2007-05-1615:54:17"
"9","289","20","144","289","1995-08-2513:26:59"
"0","290","31","44","290","1985-01-0410:31:15"
"1","291","11","22","291","1975-04-0209:25:32"
"2","292","0","124","292","1975-10-2203:59:08"
"3","293","27","45","293","1977-02-1702:06:35"
"4","294","25","81","294","2020-08-2316:43:23"
"5","295","47","166","295","2020-02-2213:35:35"
"6","296","47","112","296","1996-01-2412:26:51"
"7","297","32","175","297","1988-02-2021:40:41"
"8","298","11","187","298","1975-05-1414:15:23"
"9","299","16","61","299","1996-11-1413:10:24"
"0","300","35","126","300","2020-07-1418:10:58"
"1","301","48","122","301","1971-01-2816:06:34"
"2","302","36","57","302","1984-10-3118:16:48"
"3","303","17","105","303","2007-07-1311:35:34"
"4","304","31","143","304","1972-03-0722:34:48"
"5","305","46","186","305","2001-12-0214:33:32"
"6","306","14","167","306","1977-11-1211:40:16"
"7","307","11","165","307","2021-04-2916:56:01"
"8","308","47","12","308","2002-02-1521:03:50"
"9","309","39","18","309","1987-07-1522:56:59"
"0","310","33","130","310","2020-04-0501:24:50"
"1","311","8","94","311","1975-02-0620:04:31"
"2","312","39","130","312","1982-01-1017:04:21"
"3","313","15","52","313","1983-10-0301:21:24"
"4","314","35","76","314","1983-10-0115:56:58"
"5","315","43","76","315","2018-06-2320:20:26"
"6","316","19","141","316","1978-06-0702:14:29"
"7","317","35","42","317","2006-05-3106:16:50"
"8","318","37","179","318","1996-10-0717:57:19"
"9","319","30","118","319","1979-09-0819:31:43"
"0","320","43","21","320","2016-01-2119:51:46"
"1","321","45","31","321","2015-04-1218:23:57"
"2","322","49","155","322","2007-01-0222:24:39"
"3","323","29","131","323","2021-09-1907:52:27"
"4","324","9","96","324","1995-10-3105:46:26"
"5","325","12","39","325","2006-06-1903:24:21"
"6","326","11","109","326","1971-03-0204:04:28"
"7","327","36","145","327","1982-07-2709:06:30"
"8","328","40","193","328","1973-06-0404:58:26"
"9","329","25","13","329","1999-12-2319:20:48"
"0","330","20","174","330","1976-09-1019:20:10"
"1","331","32","183","331","1980-03-1401:51:20"
"2","332","19","89","332","1994-10-1813:02:21"
"3","333","43","131","333","1983-06-0904:57:35"
"4","334","27","42","334","2015-04-1504:16:16"
"5","335","2","186","335","1989-06-0620:34:49"
"6","336","4","134","336","1990-03-1705:49:31"
"7","337","32","65","337","1985-02-1421:35:14"
"8","338","13","25","338","1990-05-1703:05:13"
"9","339","46","188","339","2004-12-0419:02:29"
"0","340","49","21","340","1971-02-2721:22:02"
"1","341","49","35","341","2003-01-2423:19:05"
"2","342","31","198","342","1986-03-2012:59:32"
"3","343","35","168","343","1970-06-0211:30:33"
"4","344","4","179","344","1998-09-1519:32:07"
"5","345","43","113","345","2010-05-3112:03:46"
"6","346","49","61","346","1993-09-2021:20:55"
"7","347","48","97","347","1993-05-3115:18:31"
"8","348","20","110","348","2001-11-2222:57:55"
"9","349","46","42","349","1999-11-0308:59:52"
"0","350","22","83","350","1986-08-2823:22:54"
"1","351","31","32","351","1974-09-1017:27:53"
"2","352","49","124","352","1975-10-1800:38:28"
"3","353","6","54","353","2018-12-2301:01:12"
"4","354","30","110","354","1992-02-1703:16:36"
"5","355","20","136","355","2014-03-0115:33:09"
"6","356","33","30","356","2017-08-1408:07:06"
"7","357","14","75","357","1971-03-0311:23:38"
"8","358","19","63","358","2004-06-0412:48:38"
"9","359","28","191","359","2002-10-0514:29:06"
"0","360","49","1","360","1990-01-2520:51:49"
"1","361","27","48","361","1972-03-1720:06:09"
"2","362","29","112","362","2011-02-1022:27:00"
"3","363","1","5","363","2007-07-2519:07:08"
"4","364","49","160","364","1988-07-2810:04:43"
"5","365","12","155","365","1988-05-1806:36:57"
"6","366","10","66","366","1992-12-1113:12:26"
"7","367","14","44","367","1974-08-1703:03:53"
"8","368","27","37","368","2015-08-1115:01:04"
"9","369","13","51","369","1992-05-0517:25:55"
"0","370","29","79","370","2019-05-1319:00:52"
"1","371","12","193","371","1973-06-2920:46:52"
"2","372","22","174","372","1970-04-1505:26:22"
"3","373","27","43","373","1991-12-1102:45:13"
"4","374","25","91","374","2003-04-0323:08:50"
"5","375","43","107","375","2013-10-0206:26:22"
"6","376","39","31","376","1982-08-2400:40:45"
"7","377","29","53","377","2014-07-3021:31:05"
"8","378","10","98","378","2018-07-2407:03:08"
"9","379","41","72","379","2015-02-1823:14:01"
"0","380","46","27","380","2007-01-1621:38:20"
"1","381","6","6","381","1998-06-1618:54:06"
"2","382","38","145","382","1975-09-0913:24:18"
"3","383","27","3","383","1988-02-1616:51:36"
"4","384","49","75","384","1978-08-1114:18:58"
"5","385","38","172","385","1997-11-1314:31:25"
"6","386","49","185","386","1976-03-0516:52:59"
"7","387","6","166","387","1972-08-0316:31:50"
"8","388","25","19","388","1979-10-1501:54:36"
"9","389","29","95","389","2002-09-2309:35:29"
"0","390","22","79","390","1986-04-2419:40:05"
"1","391","34","128","391","2017-01-1216:05:28"
"2","392","38","91","392","2008-12-0719:49:19"
"3","393","16","135","393","2004-06-1716:36:57"
"4","394","6","0","394","1984-12-3100:51:55"
"5","395","36","113","395","2004-05-0215:26:10"
"6","396","17","115","396","2021-05-2808:40:52"
"7","397","27","78","397","1980-11-0717:34:13"
"8","398","17","102","398","1995-11-2501:59:24"
"9","399","37","200","399","1981-03-1914:50:28"
"0","400","29","174","400","2013-05-2719:45:13"
"1","401","5","126","401","2006-05-1918:24:54"
"2","402","46","165","402","2016-09-1620:41:48"
"3","403","19","96","403","1975-07-2607:37:03"
"4","404","28","52","404","2009-02-0703:26:46"
"5","405","14","0","405","1975-06-2809:01:04"
"6","406","30","162","406","1971-12-1018:37:25"
"7","407","45","184","407","2000-12-0318:54:28"
"8","408","42","189","408","1987-03-3015:28:00"
"9","409","26","186","409","2011-03-0411:06:34"
"0","410","47","50","410","1999-03-0519:26:31"
"1","411","30","118","411","1974-01-2802:21:08"
"2","412","20","132","412","1985-09-0602:14:05"
"3","413","36","190","413","2016-01-0104:16:17"
"4","414","35","78","414","1984-03-0107:07:25"
"5","415","23","43","415","1973-03-3110:50:27"
"6","416","34","158","416","1973-01-2017:40:08"
"7","417","10","135","417","1993-03-0214:44:51"
"8","418","26","92","418","1978-12-1515:41:57"
"9","419","34","0","419","1988-01-1707:25:58"
"0","420","29","99","420","1983-09-0314:07:40"
"1","421","49","109","421","1987-08-1007:16:39"
"2","422","17","103","422","2020-01-3123:38:08"
"3","423","29","159","423","2016-09-2810:31:17"
"4","424","35","187","424","2019-03-1517:40:38"
"5","425","3","191","425","1989-01-1613:15:40"
"6","426","38","126","426","2006-10-0619:00:53"
"7","427","32","63","427","1973-12-1501:43:57"
"8","428","14","166","428","2010-07-1702:31:50"
"9","429","1","161","429","1977-10-0615:52:13"
"0","430","36","104","430","2018-08-0210:54:27"
"1","431","7","161","431","2014-10-0515:50:09"
"2","432","39","162","432","2006-07-0801:38:36"
"3","433","40","101","433","1974-07-2919:15:20"
"4","434","43","69","434","2020-10-3017:28:42"
"5","435","39","45","435","2009-09-0617:19:26"
"6","436","41","18","436","2017-04-0308:01:13"
"7","437","30","198","437","2014-01-3001:56:05"
"8","438","17","2","438","2007-03-2905:32:45"
"9","439","40","67","439","1988-10-0102:47:06"
"0","440","21","181","440","1975-06-0611:20:21"
"1","441","27","175","441","1995-02-0523:30:06"
"2","442","7","77","442","2016-09-0712:04:27"
"3","443","42","118","443","2020-03-3122:35:13"
"4","444","24","66","444","2003-05-1308:04:36"
"5","445","23","43","445","1980-04-1904:26:34"
"6","446","2","130","446","1984-10-1421:36:59"
"7","447","26","69","447","1977-02-1307:09:33"
"8","448","38","25","448","2019-01-0319:18:42"
"9","449","21","151","449","1982-05-2600:00:33"
"0","450","18","17","450","2017-10-0310:38:52"
"1","451","33","17","451","1999-12-1208:12:04"
"2","452","1","113","452","1989-09-0610:09:26"
"3","453","25","42","453","1993-01-0805:47:04"
"4","454","48","181","454","2020-04-2905:57:55"
"5","455","35","41","455","2011-09-1821:50:22"
"6","456","20","23","456","1975-01-1619:56:51"
"7","457","35","162","457","2008-05-1603:06:20"
"8","458","30","70","458","2020-10-2704:11:24"
"9","459","10","77","459","1977-08-2507:13:46"
"0","460","10","135","460","1976-09-2308:05:19"
"1","461","45","60","461","2011-07-0212:45:02"
"2","462","13","85","462","1971-07-1108:23:05"
"3","463","3","17","463","1998-09-0912:47:11"
"4","464","42","178","464","1981-03-2309:57:45"
"5","465","33","133","465","2000-05-1601:30:09"
"6","466","23","94","466","2014-10-0919:28:22"
"7","467","28","130","467","2011-12-1113:34:56"
"8","468","2","188","468","1997-10-3120:35:16"
"9","469","15","43","469","1975-09-1401:34:05"
"0","470","37","167","470","1997-08-1121:04:40"
"1","471","41","182","471","1990-03-0718:29:37"
"2","472","13","142","472","2009-03-1219:50:41"
"3","473","31","91","473","1992-05-3022:37:12"
"4","474","11","189","474","2003-07-0513:02:27"
"5","475","28","100","475","2019-09-0613:28:00"
"6","476","8","102","476","1982-12-0605:05:28"
"7","477","40","123","477","1994-01-0305:28:14"
"8","478","44","66","478","2017-01-2820:25:24"
"9","479","16","156","479","2016-10-3108:56:48"
"0","480","11","183","480","1983-12-0810:52:59"
"1","481","49","66","481","2000-07-3000:58:06"
"2","482","36","156","482","2006-01-2003:59:51"
"3","483","43","62","483","2009-10-0817:48:07"
"4","484","1","169","484","1984-01-1809:20:52"
"5","485","20","159","485","1975-11-1921:51:28"
"6","486","47","81","486","1973-11-2319:20:27"
"7","487","47","110","487","1991-01-0204:48:33"
"8","488","12","194","488","1983-06-0710:27:51"
"9","489","9","68","489","1985-01-1118:28:45"
"0","490","32","18","490","2007-04-0107:29:30"
"1","491","8","187","491","1987-06-2118:58:15"
"2","492","22","148","492","1983-04-0206:54:58"
"3","493","46","148","493","1977-04-1511:18:25"
"4","494","7","186","494","2006-04-0608:05:14"
"5","495","48","155","495","2018-04-2808:14:55"
"6","496","23","67","496","1989-10-0214:09:44"
"7","497","8","134","497","2004-12-1423:43:24"
"8","498","39","35","498","1988-05-1621:57:01"
"9","499","45","35","499","1982-07-0421:08:03"
"0","500","22","183","500","2006-11-0218:50:53"
"1","501","15","92","501","1974-06-0309:15:11"
"2","502","20","192","502","2010-06-2422:30:15"
"3","503","5","61","503","1986-04-1506:10:11"
"4","504","10","183","504","1985-09-2902:41:18"
"5","505","34","183","505","1975-09-0814:10:48"
"6","506","3","78","506","1972-11-0821:54:50"
"7","507","11","27","507","2000-11-0621:56:25"
"8","508","16","101","508","1983-03-0207:25:09"
"9","509","47","126","509","2019-05-1119:50:55"
"0","510","48","25","510","1995-05-0201:13:56"
"1","511","2","47","511","1998-10-3123:47:03"
"2","512","41","14","512","2015-05-2209:43:52"
"3","513","1","152","513","2001-11-0412:11:52"
"4","514","11","192","514","2015-01-2506:06:37"
"5","515","1","174","515","2019-03-1602:09:00"
"6","516","36","126","516","2001-08-2314:41:54"
"7","517","41","135","517","2000-08-0301:52:52"
"8","518","49","185","518","2021-05-3120:10:18"
"9","519","22","156","519","1999-03-2707:58:59"
"0","520","33","87","520","2020-03-2505:14:40"
"1","521","6","70","521","1994-11-0207:18:04"
"2","522","35","156","522","1972-09-2619:14:03"
"3","523","4","44","523","1986-07-2423:26:09"
"4","524","20","56","524","1982-12-1519:19:08"
"5","525","25","59","525","1970-11-2511:23:07"
"6","526","19","115","526","2019-09-0523:15:34"
"7","527","8","192","527","1984-01-2418:04:32"
"8","528","12","59","528","2011-11-2200:54:00"
"9","529","23","72","529","1982-10-3010:43:42"
"0","530","29","140","530","2002-12-0213:33:45"
"1","531","10","99","531","1986-03-2915:10:30"
"2","532","36","115","532","2012-08-1820:29:35"
"3","533","16","66","533","1974-10-0808:43:51"
"4","534","30","127","534","2018-08-2421:10:51"
"5","535","46","28","535","1981-08-2104:59:29"
"6","536","4","54","536","2000-07-2523:24:45"
"7","537","0","11","537","1972-06-0615:17:54"
"8","538","43","1","538","1974-10-2616:13:28"
"9","539","16","122","539","1982-07-2216:04:47"
"0","540","43","98","540","1988-04-1200:45:52"
"1","541","14","148","541","1998-10-2123:49:30"
"2","542","20","50","542","2015-02-1608:56:17"
"3","543","45","40","543","2020-09-2422:48:00"
"4","544","33","194","544","1996-10-1523:53:13"
"5","545","40","38","545","2020-05-1309:07:55"
"6","546","0","7","546","1976-10-2013:55:26"
"7","547","7","99","547","2015-08-1415:12:58"
"8","548","27","170","548","1992-01-1903:38:58"
"9","549","28","14","549","2001-07-3016:19:33"
"0","550","13","97","550","1989-08-1609:55:21"
"1","551","4","33","551","2013-12-2411:10:54"
"2","552","33","118","552","1987-03-1811:59:06"
"3","553","46","77","553","1972-11-1822:04:11"
"4","554","1","3","554","2004-06-2522:25:21"
"5","555","3","137","555","1984-12-1715:39:56"
"6","556","43","134","556","1976-05-2107:44:36"
"7","557","2","33","557","2021-04-1003:57:14"
"8","558","39","70","558","2013-11-1209:20:31"
"9","559","22","30","559","2002-12-1520:43:41"
"0","560","9","23","560","2002-08-1122:50:40"
"1","561","25","7","561","2005-06-0623:12:41"
"2","562","6","163","562","1985-07-0413:01:17"
"3","563","14","190","563","1995-07-3105:44:44"
"4","564","41","175","564","1989-04-1017:17:32"
"5","565","33","49","565","2017-01-2921:43:22"
"6","566","19","114","566","2008-10-2003:05:18"
"7","567","32","84","567","1981-02-1613:25:33"
"8","568","49","68","568","1995-11-2613:36:31"
"9","569","32","66","569","1973-09-0112:30:48"
"0","570","12","162","570","2009-12-3109:17:10"
"1","571","3","62","571","1988-09-1418:26:51"
"2","572","47","150","572","1998-09-2303:35:59"
"3","573","8","151","573","1979-12-1013:16:25"
"4","574","21","89","574","1992-09-0515:36:15"
"5","575","35","154","575","1998-07-1419:04:26"
"6","576","32","143","576","2013-06-0204:25:44"
"7","577","49","133","577","1993-08-0309:10:23"
"8","578","46","15","578","1987-04-0419:13:46"
"9","579","28","90","579","1987-03-1303:36:13"
"0","580","27","105","580","1974-01-1601:10:53"
"1","581","36","51","581","1982-02-2817:08:34"
"2","582","21","137","582","1978-03-1806:20:10"
"3","583","3","169","583","1995-02-1022:21:55"
"4","584","13","182","584","1993-10-0614:06:23"
"5","585","31","190","585","2000-03-2307:00:11"
"6","586","49","184","586","1980-03-1510:03:03"
"7","587","3","192","587","2008-07-2612:06:35"
"8","588","9","64","588","1993-02-0706:13:33"
"9","589","7","24","589","2007-11-1909:12:36"
"0","590","47","15","590","1986-05-2703:08:13"
"1","591","43","52","591","1980-08-2414:18:48"
"2","592","43","109","592","1998-08-2408:20:30"
"3","593","2","11","593","1997-03-0515:38:02"
"4","594","4","163","594","2016-12-1515:18:12"
"5","595","24","131","595","2005-03-1603:21:39"
"6","596","18","128","596","1990-08-0611:55:57"
"7","597","16","25","597","1982-11-0814:27:51"
"8","598","6","10","598","1978-05-1121:58:36"
"9","599","1","136","599","1978-06-0219:45:35"
"0","600","34","113","600","1971-02-0507:37:15"
"1","601","45","32","601","1971-06-2115:45:00"
"2","602","39","101","602","1987-04-2621:42:04"
"3","603","46","181","603","2015-10-1907:50:05"
"4","604","1","114","604","2007-01-2115:13:42"
"5","605","26","188","605","1999-04-0913:38:28"
"6","606","4","69","606","2021-01-1017:10:01"
"7","607","40","64","607","2003-03-2602:19:54"
"8","608","4","83","608","1974-10-2520:21:00"
"9","609","1","77","609","1998-01-3114:47:59"
"0","610","2","98","610","1995-06-1717:55:16"
"1","611","13","187","611","2001-04-0505:09:17"
"2","612","37","80","612","1978-05-1818:19:04"
"3","613","13","33","613","1982-12-0622:08:13"
"4","614","41","97","614","1999-01-1007:04:42"
"5","615","43","29","615","2007-04-2301:07:01"
"6","616","15","173","616","1975-01-3123:56:50"
"7","617","21","24","617","2008-04-0502:13:51"
"8","618","25","62","618","2011-05-0921:24:19"
"9","619","10","142","619","1990-09-2415:08:02"
"0","620","47","84","620","2017-08-2408:16:22"
"1","621","26","86","621","2009-04-1112:16:52"
"2","622","20","200","622","2008-06-1503:15:55"
"3","623","24","149","623","2016-04-2502:59:57"
"4","624","6","26","624","1980-05-2504:32:19"
"5","625","41","167","625","1971-06-2902:39:55"
"6","626","26","114","626","2018-12-3013:40:28"
"7","627","36","143","627","1975-03-2310:08:29"
"8","628","35","148","628","1987-10-0600:09:56"
"9","629","27","133","629","2020-06-2319:53:15"
"0","630","45","7","630","1990-05-2901:32:14"
"1","631","38","74","631","2014-02-1112:40:46"
"2","632","10","40","632","2020-12-1423:20:41"
"3","633","19","94","633","2015-07-0611:22:14"
"4","634","16","133","634","1993-02-0217:41:37"
"5","635","20","24","635","2018-12-1912:35:13"
"6","636","6","88","636","2017-12-1023:32:09"
"7","637","3","147","637","1970-11-2503:49:51"
"8","638","15","11","638","1980-12-2705:41:57"
"9","639","27","166","639","1983-05-1106:49:13"
"0","640","21","80","640","2020-09-1815:11:48"
"1","641","16","76","641","1991-10-3014:24:28"
"2","642","13","90","642","1987-07-2906:13:12"
"3","643","38","83","643","1987-02-2821:02:21"
"4","644","26","191","644","2019-02-2502:17:03"
"5","645","0","128","645","1971-05-1210:08:28"
"6","646","6","134","646","2014-06-2121:11:53"
"7","647","16","38","647","2003-01-1200:16:49"
"8","648","16","186","648","2015-12-2205:49:18"
"9","649","16","200","649","2011-03-1115:22:43"
"0","650","3","146","650","2019-06-2706:12:43"
"1","651","14","115","651","1993-10-1219:42:48"
"2","652","23","122","652","2002-06-0921:41:44"
"3","653","47","93","653","2010-12-1712:00:03"
"4","654","49","189","654","1990-07-2311:31:19"
"5","655","41","97","655","2021-08-3008:54:26"
"6","656","47","20","656","1988-07-2902:56:29"
"7","657","41","148","657","1992-08-1806:41:06"
"8","658","6","14","658","1983-10-2616:23:48"
"9","659","26","12","659","2014-04-0705:05:49"
"0","660","29","125","660","2001-09-2717:41:06"
"1","661","40","64","661","1996-11-2204:49:07"
"2","662","35","62","662","2009-02-2419:17:22"
"3","663","38","146","663","1979-05-1519:53:28"
"4","664","18","86","664","1979-12-0516:38:38"
"5","665","18","164","665","1976-11-1718:33:10"
"6","666","15","103","666","2005-04-0419:46:18"
"7","667","30","118","667","2007-03-2702:03:05"
"8","668","27","87","668","1971-03-2005:57:56"
"9","669","8","129","669","1985-03-0118:50:38"
"0","670","7","7","670","2015-04-2021:23:39"
"1","671","35","64","671","1999-02-2702:13:30"
"2","672","28","56","672","2005-01-0117:15:05"
"3","673","46","34","673","2014-06-1313:53:52"
"4","674","9","28","674","1981-08-1818:31:44"
"5","675","21","196","675","1981-01-1211:54:05"
"6","676","31","186","676","2008-12-0920:06:14"
"7","677","41","12","677","2008-07-2006:03:06"
"8","678","27","25","678","1976-08-1610:20:27"
"9","679","13","174","679","2012-12-1205:59:50"
"0","680","5","182","680","2002-02-1112:40:52"
"1","681","13","52","681","1976-11-1105:21:26"
"2","682","32","17","682","2014-02-1118:21:00"
"3","683","26","146","683","1987-05-2516:30:21"
"4","684","4","164","684","1992-09-1012:00:15"
"5","685","40","18","685","1987-02-1519:54:27"
"6","686","32","55","686","2011-08-1519:26:21"
"7","687","26","44","687","2019-12-2012:16:07"
"8","688","1","110","688","1994-08-0102:34:45"
"9","689","18","151","689","1995-02-2103:36:53"
"0","690","36","124","690","1975-09-1114:35:00"
"1","691","11","72","691","1999-01-2921:50:28"
"2","692","30","51","692","1977-10-1919:38:24"
"3","693","44","126","693","2015-08-1508:25:32"
"4","694","21","60","694","2019-11-1804:32:20"
"5","695","34","115","695","2007-07-1015:55:39"
"6","696","27","93","696","1974-01-2908:38:05"
"7","697","40","48","697","2012-02-2909:02:50"
"8","698","37","123","698","1988-12-1612:12:05"
"9","699","41","18","699","1984-05-1310:49:11"
"0","700","20","65","700","1985-06-2818:50:02"
"1","701","0","51","701","1970-09-2407:50:00"
"2","702","27","191","702","1993-11-2703:23:10"
"3","703","19","197","703","2020-12-1819:31:32"
"4","704","44","131","704","2018-07-1504:45:29"
"5","705","3","124","705","2005-11-1803:06:24"
"6","706","31","103","706","1983-04-1500:31:18"
"7","707","40","130","707","1970-12-0304:11:25"
"8","708","29","148","708","2011-07-0715:40:53"
"9","709","2","108","709","1970-10-1116:18:25"
"0","710","43","90","710","2006-05-0722:52:51"
"1","711","0","117","711","1974-05-3001:52:53"
"2","712","49","48","712","2014-08-1806:08:58"
"3","713","35","76","713","1976-05-1206:36:43"
"4","714","32","176","714","1977-07-1410:07:44"
"5","715","27","1","715","2002-12-2004:45:41"
"6","716","42","30","716","1998-04-1511:16:38"
"7","717","26","77","717","2009-11-2003:03:59"
"8","718","16","191","718","2018-10-1921:23:18"
"9","719","27","198","719","2009-02-2213:03:43"
"0","720","29","165","720","1996-08-1900:47:16"
"1","721","14","141","721","1982-01-0101:31:06"
"2","722","21","134","722","2006-08-2008:14:25"
"3","723","48","138","723","1983-06-0713:53:40"
"4","724","20","132","724","1986-09-1711:38:32"
"5","725","32","154","725","1976-12-1905:59:48"
"6","726","15","148","726","1976-11-1516:05:08"
"7","727","15","115","727","2006-03-1303:28:41"
"8","728","25","33","728","2002-10-2509:52:44"
"9","729","30","113","729","2016-08-0700:51:38"
"0","730","28","35","730","2015-09-1314:43:27"
"1","731","50","197","731","2015-05-2206:41:13"
"2","732","12","41","732","1998-06-1205:01:29"
"3","733","0","162","733","2020-02-0920:11:52"
"4","734","37","108","734","2019-01-1422:32:50"
"5","735","28","169","735","1985-03-1801:40:36"
"6","736","18","9","736","1990-08-2914:29:39"
"7","737","20","107","737","1982-11-0807:21:13"
"8","738","47","72","738","1998-01-1523:13:47"
"9","739","45","168","739","1993-12-2420:34:42"
"0","740","34","192","740","2006-08-2211:40:42"
"1","741","46","4","741","2015-04-1717:43:51"
"2","742","47","23","742","1988-11-0802:44:02"
"3","743","43","23","743","2017-09-2600:13:28"
"4","744","19","1","744","1999-01-1715:19:21"
"5","745","23","68","745","1981-07-1702:22:08"
"6","746","40","69","746","2008-06-0204:06:19"
"7","747","19","200","747","2005-11-1609:37:37"
"8","748","38","162","748","1983-02-1922:46:15"
"9","749","39","123","749","2020-03-2906:39:08"
"0","750","19","86","750","1971-10-1902:46:02"
"1","751","41","116","751","1970-05-2210:40:56"
"2","752","24","29","752","1981-12-0319:20:39"
"3","753","7","90","753","1991-07-0902:55:24"
"4","754","7","106","754","2009-04-2608:12:35"
"5","755","8","4","755","1994-04-2618:54:50"
"6","756","18","66","756","1972-11-0500:03:31"
"7","757","30","32","757","1983-05-1514:40:51"
"8","758","48","73","758","1979-08-2702:10:03"
"9","759","13","105","759","1981-02-1407:47:05"
"0","760","14","131","760","1975-11-1710:54:59"
"1","761","21","189","761","1977-11-1913:54:17"
"2","762","14","176","762","1990-02-0508:36:08"
"3","763","17","110","763","2020-11-2521:43:38"
"4","764","46","198","764","1991-06-1311:30:23"
"5","765","11","124","765","1979-07-2300:59:48"
"6","766","42","183","766","2009-02-1002:50:53"
"7","767","48","125","767","1988-01-1018:02:53"
"8","768","36","102","768","1988-08-0102:01:12"
"9","769","4","108","769","2009-05-1614:33:18"
"0","770","6","16","770","1983-03-1600:28:57"
"1","771","49","52","771","1980-02-1802:58:03"
"2","772","11","38","772","2013-07-0718:34:21"
"3","773","1","186","773","1977-06-2407:33:45"
"4","774","12","26","774","2004-02-1321:54:53"
"5","775","24","39","775","1994-04-1309:17:48"
"6","776","48","198","776","2008-05-0712:50:42"
"7","777","20","25","777","1992-05-1116:39:08"
"8","778","37","166","778","1997-02-2017:33:46"
"9","779","42","47","779","2001-09-2204:46:35"
"0","780","4","0","780","2006-10-1613:45:13"
"1","781","31","109","781","1970-02-1120:09:42"
"2","782","28","13","782","1984-07-0711:50:38"
"3","783","27","55","783","1982-05-1123:52:28"
"4","784","17","108","784","2016-07-2015:46:10"
"5","785","48","12","785","2008-07-2003:13:25"
"6","786","49","166","786","2015-01-2410:54:31"
"7","787","37","26","787","2008-03-3018:19:06"
"8","788","34","141","788","1979-05-1906:21:24"
"9","789","42","107","789","1984-08-2609:49:20"
"0","790","37","171","790","2011-10-2212:22:53"
"1","791","13","30","791","2013-04-2207:13:33"
"2","792","14","175","792","2002-02-1819:27:59"
"3","793","24","45","793","1983-03-1610:14:55"
"4","794","43","180","794","1991-08-1203:00:57"
"5","795","40","12","795","2015-12-2817:19:41"
"6","796","34","54","796","2007-10-0711:31:49"
"7","797","4","164","797","2013-10-0512:37:47"
"8","798","6","99","798","1995-12-2414:38:25"
"9","799","22","171","799","2000-01-2419:12:03"
"0","800","34","75","800","1976-11-1716:43:23"
"1","801","25","130","801","2000-10-1310:51:49"
"2","802","5","100","802","1996-05-0703:29:51"
"3","803","43","155","803","1984-01-2616:14:40"
"4","804","5","122","804","2011-09-2612:20:26"
"5","805","19","38","805","1973-10-1423:38:55"
"6","806","46","157","806","1982-02-1107:32:13"
"7","807","10","179","807","1980-07-3012:58:21"
"8","808","26","42","808","2015-01-3109:59:35"
"9","809","21","65","809","1980-09-2208:35:06"
"0","810","45","190","810","2011-08-2717:25:39"
"1","811","14","137","811","1976-08-2021:49:08"
"2","812","32","126","812","2016-05-0701:11:49"
"3","813","46","139","813","1978-10-2001:18:29"
"4","814","40","54","814","2010-02-0121:06:45"
"5","815","31","194","815","2004-10-2005:26:07"
"6","816","44","86","816","1986-06-2414:24:25"
"7","817","5","124","817","2019-07-1800:04:39"
"8","818","38","2","818","1997-09-2200:36:50"
"9","819","33","186","819","2003-09-2907:58:35"
"0","820","47","88","820","1994-08-2204:07:22"
"1","821","13","181","821","2021-03-1308:19:50"
"2","822","27","14","822","1979-06-2923:21:17"
"3","823","22","160","823","2019-09-2722:16:57"
"4","824","38","76","824","1999-05-2003:34:35"
"5","825","11","25","825","1973-10-2501:28:33"
"6","826","14","130","826","1991-10-2912:25:15"
"7","827","36","69","827","1990-01-0714:03:52"
"8","828","21","63","828","1996-12-1023:39:20"
"9","829","6","37","829","2007-09-1800:28:34"
"0","830","9","65","830","2004-02-1611:54:31"
"1","831","28","104","831","1997-02-2405:32:19"
"2","832","30","161","832","1982-05-1107:13:24"
"3","833","27","14","833","1986-10-2500:36:40"
"4","834","26","155","834","1989-08-2818:17:26"
"5","835","48","38","835","1990-04-1205:36:45"
"6","836","13","105","836","1988-08-0204:13:15"
"7","837","24","71","837","2020-03-0600:33:13"
"8","838","15","178","838","1979-11-0912:24:11"
"9","839","25","68","839","1994-04-2621:09:55"
"0","840","25","54","840","1995-04-2512:49:52"
"1","841","30","94","841","1991-08-1501:20:04"
"2","842","12","120","842","2004-08-2806:02:45"
"3","843","9","86","843","1994-03-1700:54:46"
"4","844","38","155","844","2013-07-1421:58:31"
"5","845","37","46","845","1971-08-2311:45:27"
"6","846","35","148","846","1997-01-0720:27:33"
"7","847","27","115","847","2018-07-3109:33:59"
"8","848","2","38","848","2007-01-1110:52:16"
"9","849","16","129","849","2021-09-1623:59:46"
"0","850","35","135","850","2002-10-2602:28:28"
"1","851","33","34","851","2000-06-0919:55:04"
"2","852","41","194","852","1976-06-2715:45:26"
"3","853","16","54","853","1980-03-1213:15:24"
"4","854","25","159","854","2011-06-2814:27:10"
"5","855","16","122","855","1984-10-2704:23:18"
"6","856","6","30","856","1980-07-0115:26:56"
"7","857","35","35","857","1995-10-1807:42:51"
"8","858","11","65","858","1991-02-2021:59:46"
"9","859","32","22","859","1998-06-1706:08:34"
"0","860","42","137","860","1996-05-2519:05:22"
"1","861","2","179","861","2001-01-1723:42:37"
"2","862","8","144","862","1973-07-1701:42:52"
"3","863","5","175","863","2009-03-0212:01:34"
"4","864","28","57","864","1997-11-1113:27:51"
"5","865","25","51","865","1990-01-1120:24:24"
"6","866","33","145","866","1978-01-1309:35:32"
"7","867","21","78","867","2015-09-0323:47:40"
"8","868","0","83","868","2002-08-0923:12:03"
"9","869","1","198","869","1985-12-2315:44:30"
"0","870","42","78","870","2019-12-1621:44:46"
"1","871","11","157","871","2007-11-0915:03:16"
"2","872","38","21","872","1979-12-2820:43:26"
"3","873","14","57","873","1999-10-2723:23:07"
"4","874","32","174","874","2014-01-2307:10:09"
"5","875","13","87","875","1978-02-1407:32:42"
"6","876","36","153","876","2005-03-1914:59:00"
"7","877","19","132","877","2017-12-0322:30:48"
"8","878","6","5","878","2020-06-0712:09:39"
"9","879","17","84","879","1979-02-1813:01:02"
"0","880","5","35","880","2020-11-3015:08:14"
"1","881","46","64","881","1972-02-1904:43:17"
"2","882","7","197","882","1997-12-2512:10:54"
"3","883","29","174","883","1980-08-2222:49:18"
"4","884","17","10","884","1996-07-1215:52:43"
"5","885","4","19","885","1985-11-2815:01:52"
"6","886","5","185","886","2004-09-2905:18:54"
"7","887","16","76","887","2003-01-1001:41:20"
"8","888","13","63","888","2011-02-1612:39:52"
"9","889","2","135","889","1983-08-1919:20:12"
"0","890","1","92","890","1971-09-1200:51:51"
"1","891","7","20","891","1989-12-2700:14:25"
"2","892","19","102","892","2020-08-0201:41:19"
"3","893","32","184","893","2009-03-1221:14:01"
"4","894","12","176","894","1980-11-2605:57:10"
"5","895","34","24","895","2020-03-1705:23:34"
"6","896","14","84","896","1979-02-1711:49:53"
"7","897","26","2","897","1970-06-0723:11:41"
"8","898","49","82","898","2020-10-0221:15:48"
"9","899","18","28","899","1981-04-0914:44:49"
"0","900","37","164","900","1998-03-2021:59:35"
"1","901","31","32","901","2011-11-2419:19:08"
"2","902","20","69","902","2010-03-0121:45:37"
"3","903","34","23","903","2021-01-3015:30:26"
"4","904","31","147","904","1977-07-1903:14:13"
"5","905","27","185","905","1989-12-1009:32:24"
"6","906","28","121","906","2003-07-0416:11:25"
"7","907","27","107","907","1986-07-1208:07:50"
"8","908","15","100","908","2020-01-0704:42:53"
"9","909","32","56","909","1991-03-1416:53:42"
"0","910","28","77","910","2002-03-1219:41:59"
"1","911","2","34","911","1991-07-2120:57:53"
"2","912","26","153","912","2016-11-1611:12:47"
"3","913","8","28","913","1978-04-2104:26:37"
"4","914","11","61","914","2009-07-0602:36:57"
"5","915","14","111","915","2006-05-2016:20:49"
"6","916","1","139","916","1975-12-1817:45:54"
"7","917","27","64","917","1999-09-0604:04:13"
"8","918","48","69","918","2014-03-0705:47:50"
"9","919","13","135","919","1992-11-1802:50:17"
"0","920","6","121","920","2008-07-0503:50:33"
"1","921","36","103","921","1994-08-2518:23:36"
"2","922","38","26","922","2005-08-2303:23:46"
"3","923","3","95","923","1980-07-0312:02:44"
"4","924","50","167","924","1971-06-0503:59:18"
"5","925","18","139","925","1971-12-2111:34:04"
"6","926","28","139","926","1998-02-1519:59:08"
"7","927","25","185","927","2017-09-0617:12:41"
"8","928","29","175","928","1984-11-1707:47:15"
"9","929","31","7","929","2007-09-0119:30:31"
"0","930","22","78","930","2012-06-0721:34:46"
"1","931","6","174","931","1971-05-2006:03:27"
"2","932","3","39","932","1992-04-0703:35:01"
"3","933","7","148","933","2011-10-1406:33:55"
"4","934","45","173","934","1971-06-0618:47:19"
"5","935","24","55","935","2016-07-1205:03:11"
"6","936","17","196","936","2020-01-2110:03:32"
"7","937","45","93","937","1979-01-1018:46:43"
"8","938","8","74","938","2006-01-1707:24:13"
"9","939","43","39","939","1981-07-0301:19:41"
"0","940","42","97","940","2007-09-2303:25:30"
"1","941","20","112","941","2002-12-3115:32:34"
"2","942","50","30","942","1980-06-2811:42:42"
"3","943","7","153","943","2016-04-1704:53:15"
"4","944","15","69","944","1993-06-1107:10:11"
"5","945","35","170","945","1973-02-1003:23:31"
"6","946","30","163","946","1975-07-0106:10:30"
"7","947","27","2","947","1989-12-0621:56:24"
"8","948","47","2","948","2011-10-2005:46:21"
"9","949","6","164","949","2010-07-1813:05:35"
"0","950","38","97","950","1989-10-2402:19:36"
"1","951","48","143","951","1983-04-1423:30:53"
"2","952","23","25","952","2017-10-2317:49:24"
"3","953","39","7","953","1987-05-2003:21:55"
"4","954","30","110","954","2016-04-0708:39:49"
"5","955","21","173","955","2020-12-3020:16:28"
"6","956","47","70","956","2021-08-0704:58:54"
"7","957","20","94","957","2002-02-0802:14:55"
"8","958","31","103","958","1983-08-2401:08:10"
"9","959","2","118","959","1989-07-0411:18:12"
"0","960","24","25","960","1990-05-0313:56:21"
"1","961","1","199","961","1993-02-0103:31:47"
"2","962","36","165","962","2013-07-1806:32:56"
"3","963","0","178","963","2013-01-0604:42:25"
"4","964","42","10","964","2007-10-1401:45:01"
"5","965","30","28","965","1975-11-2208:33:39"
"6","966","27","35","966","1999-12-2221:08:06"
"7","967","39","130","967","2017-12-3001:52:21"
"8","968","28","91","968","2002-05-0509:57:47"
"9","969","40","69","969","2018-03-1510:38:36"
"0","970","46","145","970","2000-09-1101:26:22"
"1","971","18","167","971","1982-08-0421:15:12"
"2","972","41","121","972","2010-12-1105:38:25"
"3","973","12","178","973","2007-07-1204:07:38"
"4","974","12","159","974","1994-06-0410:25:43"
"5","975","28","27","975","2004-03-2107:48:05"
"6","976","44","91","976","2021-09-1005:12:14"
"7","977","5","40","977","2009-08-0112:41:38"
"8","978","2","198","978","1998-02-1420:28:04"
"9","979","16","180","979","2012-04-1217:44:58"
"0","980","45","108","980","1990-01-0903:37:24"
"1","981","17","186","981","2005-01-2703:15:36"
"2","982","33","64","982","2009-08-0620:59:53"
"3","983","45","160","983","1971-07-0201:42:07"
"4","984","46","197","984","1978-02-2716:59:02"
"5","985","31","14","985","1991-06-1902:21:04"
"6","986","21","111","986","1977-07-1121:19:21"
"7","987","18","96","987","1987-03-1618:00:16"
"8","988","38","75","988","1979-02-1809:18:47"
"9","989","22","87","989","2013-02-2316:30:02"
"0","990","12","179","990","1995-01-1403:16:26"
"1","991","31","162","991","1987-08-1715:06:07"
"2","992","7","132","992","1974-07-1310:32:13"
"3","993","17","14","993","2019-01-2414:58:47"
"4","994","5","172","994","1983-10-0408:12:01"
"5","995","8","131","995","1990-05-0705:44:01"
"6","996","32","139","996","1971-05-1508:51:22"
"7","997","24","160","997","1995-10-1514:57:55"
"8","998","38","87","998","1980-09-1919:00:55"
"9","999","6","181","999","1995-05-1023:43:46"
"0","1000","1","149","1000","2015-08-2402:22:00"
"1","1001","45","122","1001","1972-08-2203:24:04"
"2","1002","19","53","1002","1982-11-1913:57:55"
"3","1003","42","161","1003","2018-01-2200:43:03"
"4","1004","20","44","1004","1994-08-2800:44:51"
"5","1005","11","183","1005","1976-05-1913:52:39"
"6","1006","12","25","1006","1992-06-2621:41:05"
"7","1007","49","85","1007","1981-05-1421:50:27"
"8","1008","33","84","1008","1976-06-2018:51:34"
"9","1009","40","62","1009","1973-05-0119:37:26"
"0","1010","23","173","1010","2015-11-2511:44:13"
"1","1011","24","190","1011","1975-09-0609:38:08"
"2","1012","25","94","1012","1974-10-2710:44:03"
"3","1013","39","166","1013","1974-05-1322:21:51"
"4","1014","37","169","1014","1985-12-2014:05:55"
"5","1015","22","49","1015","1981-05-2205:54:58"
"6","1016","20","112","1016","2007-06-1609:48:36"
"7","1017","6","138","1017","1987-12-0923:16:00"
"8","1018","24","146","1018","2017-06-0221:43:34"
"9","1019","42","68","1019","1983-06-2700:40:11"
"0","1020","7","32","1020","1978-12-1818:41:08"
"1","1021","19","3","1021","2019-03-2904:33:23"
"2","1022","5","106","1022","1985-10-2509:25:46"
"3","1023","33","6","1023","2006-08-2913:57:42"
"4","1024","48","19","1024","2012-01-0506:53:34"
"5","1025","23","46","1025","2007-08-0314:41:16"
"6","1026","19","196","1026","1982-07-1203:56:53"
"7","1027","25","170","1027","1976-11-0111:32:41"
"8","1028","46","73","1028","1998-04-0217:44:32"
"9","1029","7","39","1029","1994-02-1822:32:10"
"0","1030","42","134","1030","1973-10-0719:59:03"
"1","1031","48","27","1031","2006-03-1822:52:51"
"2","1032","0","65","1032","1979-04-1117:40:12"
"3","1033","20","118","1033","2011-03-0715:48:03"
"4","1034","36","162","1034","2007-04-2409:47:09"
"5","1035","40","188","1035","1989-11-1722:59:10"
"6","1036","27","58","1036","2010-05-0817:46:19"
"7","1037","20","178","1037","1985-11-2606:18:45"
"8","1038","27","1","1038","2006-12-1514:46:07"
"9","1039","21","63","1039","1979-02-2621:30:33"
"0","1040","33","40","1040","1999-07-0213:02:27"
"1","1041","17","45","1041","1978-06-2616:11:09"
"2","1042","12","169","1042","2007-08-1509:46:26"
"3","1043","39","19","1043","1974-06-2623:32:12"
"4","1044","47","137","1044","2002-03-1011:16:55"
"5","1045","49","142","1045","1972-11-1911:37:10"
"6","1046","8","41","1046","1976-09-3004:46:34"
"7","1047","29","96","1047","1996-12-2417:40:47"
"8","1048","26","5","1048","1999-07-1821:51:44"
"9","1049","21","55","1049","1977-11-0919:56:56"
"0","1050","40","60","1050","1972-07-1817:46:54"
"1","1051","47","10","1051","2010-01-2803:12:52"
"2","1052","37","132","1052","2009-06-0200:16:13"
"3","1053","35","48","1053","1999-10-1907:23:18"
"4","1054","35","129","1054","1986-03-0307:05:15"
"5","1055","33","156","1055","2013-01-2611:37:19"
"6","1056","3","137","1056","1978-07-2814:54:12"
"7","1057","20","63","1057","1983-08-2116:23:37"
"8","1058","23","199","1058","1986-08-2402:07:52"
"9","1059","29","30","1059","2014-03-1123:33:08"
"0","1060","2","164","1060","2004-09-0620:54:27"
"1","1061","4","99","1061","2001-06-1020:54:27"
"2","1062","4","143","1062","2007-10-1809:17:45"
"3","1063","41","164","1063","1998-01-1116:32:21"
"4","1064","2","122","1064","1971-03-2806:43:57"
"5","1065","12","132","1065","1972-08-0307:19:55"
"6","1066","0","199","1066","1993-08-0918:42:50"
"7","1067","48","5","1067","1998-08-2120:41:02"
"8","1068","23","79","1068","2010-01-1705:49:50"
"9","1069","37","71","1069","1984-05-2007:13:43"
"0","1070","8","106","1070","2007-06-0617:17:03"
"1","1071","6","152","1071","1990-01-1112:37:32"
"2","1072","36","143","1072","1999-04-2706:52:43"
"3","1073","39","81","1073","1990-08-1823:57:22"
"4","1074","32","136","1074","1985-06-2220:00:47"
"5","1075","25","114","1075","1981-12-0623:29:53"
"6","1076","28","106","1076","2017-07-2000:19:31"
"7","1077","35","42","1077","2018-03-2318:39:25"
"8","1078","35","101","1078","1986-07-1905:16:38"
"9","1079","41","99","1079","2011-01-1101:30:12"
"0","1080","25","51","1080","1974-09-1406:25:49"
"1","1081","18","71","1081","2014-11-1012:49:47"
"2","1082","13","38","1082","1970-07-1400:54:58"
"3","1083","14","145","1083","1979-10-2413:28:47"
"4","1084","39","44","1084","2017-08-3106:51:31"
"5","1085","31","184","1085","1981-06-1808:34:14"
"6","1086","37","21","1086","2015-04-2703:00:06"
"7","1087","17","92","1087","1997-04-2819:04:55"
"8","1088","13","36","1088","1985-10-1317:35:07"
"9","1089","12","65","1089","2019-03-1602:03:41"
"0","1090","19","89","1090","2009-02-0309:05:54"
"1","1091","28","71","1091","1997-05-2701:45:13"
"2","1092","0","119","1092","1991-09-0210:38:24"
"3","1093","48","38","1093","2005-03-2221:16:48"
"4","1094","49","33","1094","1972-12-0800:24:13"
"5","1095","11","64","1095","1973-10-0422:37:17"
"6","1096","3","50","1096","1971-06-0719:57:44"
"7","1097","27","148","1097","1982-02-1010:43:57"
"8","1098","10","158","1098","1988-09-2602:41:08"
"9","1099","21","139","1099","2009-07-0306:21:13"
"0","1100","44","183","1100","2006-10-1002:02:18"
"1","1101","29","61","1101","1990-02-1320:52:33"
"2","1102","28","35","1102","2005-09-2105:26:52"
"3","1103","20","117","1103","1972-05-2602:57:48"
"4","1104","10","182","1104","1976-11-1517:40:16"
"5","1105","32","21","1105","2017-01-1023:48:37"
"6","1106","7","19","1106","1979-09-0316:56:25"
"7","1107","2","170","1107","2005-03-0210:04:58"
"8","1108","38","7","1108","1986-09-0214:38:34"
"9","1109","19","103","1109","2010-02-0106:12:07"
"0","1110","34","106","1110","1989-01-2614:04:28"
"1","1111","30","35","1111","1985-06-1800:31:47"
"2","1112","6","152","1112","1976-10-1115:50:40"
"3","1113","27","172","1113","2007-02-0821:53:11"
"4","1114","3","139","1114","1989-04-2413:50:17"
"5","1115","43","61","1115","1995-05-1419:49:26"
"6","1116","7","97","1116","1970-10-1711:30:50"
"7","1117","10","73","1117","1976-04-2907:10:06"
"8","1118","36","169","1118","1998-05-1310:13:38"
"9","1119","18","101","1119","1978-12-2619:07:18"
"0","1120","42","191","1120","2012-10-2420:52:10"
"1","1121","11","45","1121","1970-04-2502:32:05"
"2","1122","36","76","1122","2017-12-2905:54:34"
"3","1123","17","36","1123","2014-10-3121:15:38"
"4","1124","27","125","1124","1980-10-0902:48:22"
"5","1125","4","74","1125","2020-09-0500:57:06"
"6","1126","42","131","1126","1981-06-1620:09:02"
"7","1127","10","76","1127","1989-09-1909:36:03"
"8","1128","23","180","1128","1978-10-0723:51:04"
"9","1129","14","5","1129","1972-04-0720:51:26"
"0","1130","30","159","1130","2016-07-2921:29:46"
"1","1131","31","26","1131","1995-08-0903:49:41"
"2","1132","38","95","1132","1997-03-2400:39:50"
"3","1133","13","113","1133","2003-01-2522:07:22"
"4","1134","2","158","1134","2007-07-2118:10:00"
"5","1135","42","13","1135","1970-01-2307:54:20"
"6","1136","16","200","1136","1971-05-0706:13:04"
"7","1137","41","40","1137","2021-05-2301:28:55"
"8","1138","48","33","1138","1981-02-2302:03:55"
"9","1139","42","161","1139","1992-11-1505:22:43"
"0","1140","5","26","1140","1974-12-2609:52:30"
"1","1141","32","111","1141","2019-03-1103:13:38"
"2","1142","12","150","1142","2001-02-2007:58:02"
"3","1143","10","190","1143","1984-04-2518:04:12"
"4","1144","25","129","1144","1990-12-0715:47:00"
"5","1145","6","101","1145","1973-07-0307:50:14"
"6","1146","10","181","1146","1982-09-1216:24:53"
"7","1147","33","98","1147","1992-03-2815:29:03"
"8","1148","6","132","1148","1991-08-2709:45:31"
"9","1149","29","183","1149","1985-04-0113:45:04"
"0","1150","37","65","1150","2021-07-2306:36:45"
"1","1151","36","0","1151","2017-11-0518:23:20"
"2","1152","41","30","1152","1974-12-2905:44:03"
"3","1153","39","51","1153","1986-07-0318:44:30"
"4","1154","19","144","1154","1992-01-1507:44:41"
"5","1155","24","169","1155","1976-11-3017:44:04"
"6","1156","31","139","1156","2018-06-2820:02:42"
"7","1157","13","59","1157","2012-09-0316:58:40"
"8","1158","32","9","1158","2016-07-1104:41:20"
"9","1159","34","42","1159","2006-09-1517:04:41"
"0","1160","47","171","1160","2007-04-2618:59:40"
"1","1161","25","141","1161","2020-03-1307:27:19"
"2","1162","43","59","1162","1999-01-2605:32:39"
"3","1163","49","105","1163","1989-01-0816:48:34"
"4","1164","39","70","1164","2001-05-1602:32:32"
"5","1165","21","169","1165","2000-04-2512:43:32"
"6","1166","13","102","1166","1992-07-1600:01:06"
"7","1167","5","126","1167","1997-02-2005:04:15"
"8","1168","42","171","1168","1989-09-1717:47:12"
"9","1169","9","33","1169","1978-12-1411:05:04"
"0","1170","0","143","1170","1975-05-1519:50:39"
"1","1171","38","116","1171","1998-10-0805:46:29"
"2","1172","25","11","1172","1972-02-0916:33:26"
"3","1173","20","54","1173","1991-01-2610:27:53"
"4","1174","27","186","1174","2010-02-2107:13:50"
"5","1175","46","86","1175","1978-05-2115:31:50"
"6","1176","4","62","1176","2013-07-2701:30:48"
"7","1177","34","19","1177","1995-01-1001:27:39"
"8","1178","2","191","1178","2013-05-0805:33:31"
"9","1179","42","108","1179","2015-02-0408:57:43"
"0","1180","9","113","1180","1992-01-1800:08:50"
"1","1181","30","44","1181","2019-11-1616:51:52"
"2","1182","9","128","1182","1977-12-2102:04:56"
"3","1183","19","130","1183","1987-06-1514:09:42"
"4","1184","18","133","1184","1972-12-2010:34:26"
"5","1185","11","50","1185","2012-08-1221:22:51"
"6","1186","33","92","1186","1988-08-1504:30:07"
"7","1187","38","150","1187","2012-08-0508:50:13"
"8","1188","3","198","1188","2021-10-2102:21:53"
"9","1189","46","87","1189","1999-05-3017:50:40"
"0","1190","23","13","1190","2006-11-0819:34:01"
"1","1191","42","11","1191","1971-06-1015:25:51"
"2","1192","9","156","1192","2011-08-2904:41:59"
"3","1193","43","37","1193","1991-02-2805:38:19"
"4","1194","24","73","1194","1972-02-1411:49:39"
"5","1195","29","11","1195","1994-06-2104:29:42"
"6","1196","3","128","1196","1976-02-0613:23:31"
"7","1197","20","144","1197","2018-05-1815:04:48"
"8","1198","20","23","1198","2016-06-1920:31:13"
"9","1199","43","131","1199","2015-12-2617:53:10"
"0","1200","33","146","1200","1998-08-2900:03:30"
"1","1201","20","77","1201","2004-11-1115:27:43"
"2","1202","46","68","1202","2004-04-0602:35:58"
"3","1203","24","90","1203","1982-11-2507:44:19"
"4","1204","28","12","1204","1986-08-1722:37:24"
"5","1205","0","122","1205","2007-07-0919:10:39"
"6","1206","15","109","1206","1975-08-0210:09:44"
"7","1207","38","150","1207","1976-08-0514:33:38"
"8","1208","40","81","1208","1977-08-2723:52:41"
"9","1209","30","38","1209","1990-02-2801:10:23"
"0","1210","28","150","1210","2018-11-2608:37:06"
"1","1211","3","71","1211","1996-06-2811:37:18"
"2","1212","40","155","1212","1970-01-3122:33:47"
"3","1213","18","198","1213","1979-05-1011:10:05"
"4","1214","20","106","1214","2004-07-0209:53:41"
"5","1215","40","133","1215","2016-12-3111:59:58"
"6","1216","29","6","1216","2009-03-2420:26:39"
"7","1217","5","148","1217","1985-02-1223:42:35"
"8","1218","29","9","1218","2019-06-1823:49:33"
"9","1219","0","135","1219","2018-12-0506:03:55"
"0","1220","46","25","1220","1972-02-1806:29:09"
"1","1221","17","85","1221","2009-04-0500:23:28"
"2","1222","38","94","1222","1994-11-1820:33:42"
"3","1223","1","141","1223","1980-03-2021:23:33"
"4","1224","18","163","1224","2008-11-0306:34:47"
"5","1225","3","149","1225","1991-09-1406:11:29"
"6","1226","45","124","1226","1981-01-1922:55:03"
"7","1227","4","162","1227","1974-07-0903:54:32"
"8","1228","22","138","1228","2010-05-1809:33:01"
"9","1229","25","85","1229","2001-07-1420:24:14"
"0","1230","0","139","1230","1970-04-1604:02:33"
"1","1231","46","41","1231","2011-08-2223:35:12"
"2","1232","18","83","1232","2010-11-1110:20:01"
"3","1233","7","54","1233","2006-01-2916:25:28"
"4","1234","7","148","1234","1982-09-1302:33:10"
"5","1235","5","150","1235","2017-12-1315:13:30"
"6","1236","16","103","1236","1994-07-0303:23:09"
"7","1237","21","130","1237","2019-02-1105:19:32"
"8","1238","17","92","1238","2005-01-2522:32:49"
"9","1239","31","66","1239","1997-01-1609:17:31"
"0","1240","1","94","1240","2009-08-0719:46:38"
"1","1241","3","182","1241","1975-01-0918:09:12"
"2","1242","32","196","1242","1990-02-1119:22:29"
"3","1243","41","63","1243","1999-01-1307:54:33"
"4","1244","38","67","1244","2020-10-0607:07:37"
"5","1245","28","101","1245","1998-09-2205:48:41"
"6","1246","29","72","1246","2003-12-0810:52:30"
"7","1247","4","158","1247","1985-09-2300:30:15"
"8","1248","36","19","1248","2008-02-0818:36:53"
"9","1249","46","43","1249","2015-09-0120:50:05"
"0","1250","21","68","1250","1978-04-2405:24:04"
"1","1251","6","21","1251","2008-03-2813:40:55"
"2","1252","28","72","1252","1986-04-2803:37:41"
"3","1253","32","185","1253","1994-07-1700:38:39"
"4","1254","12","67","1254","1985-08-1215:01:00"
"5","1255","5","53","1255","2001-01-1411:42:29"
"6","1256","36","70","1256","2002-04-2005:21:56"
"7","1257","2","122","1257","1982-12-1416:32:24"
"8","1258","26","188","1258","1970-06-2222:31:24"
"9","1259","40","77","1259","2015-03-0408:12:53"
"0","1260","42","52","1260","1975-08-0114:28:27"
"1","1261","3","139","1261","1984-01-1320:04:47"
"2","1262","16","140","1262","1995-12-1716:49:58"
"3","1263","47","86","1263","1974-08-2519:24:57"
"4","1264","44","75","1264","1995-07-1218:06:54"
"5","1265","6","132","1265","1987-01-2623:00:08"
"6","1266","22","9","1266","2016-05-2020:59:34"
"7","1267","40","93","1267","1983-08-0713:45:15"
"8","1268","1","191","1268","2002-06-1515:50:53"
"9","1269","16","7","1269","1988-04-1400:29:06"
"0","1270","38","106","1270","1982-10-1414:09:45"
"1","1271","45","41","1271","2009-09-0711:57:48"
"2","1272","2","142","1272","2007-10-1816:07:33"
"3","1273","30","180","1273","2004-06-2918:56:44"
"4","1274","33","179","1274","2009-09-2814:43:56"
"5","1275","44","161","1275","1986-09-2408:39:34"
"6","1276","21","134","1276","1990-06-1201:24:17"
"7","1277","49","47","1277","2017-11-2103:06:02"
"8","1278","11","50","1278","1982-04-1903:24:25"
"9","1279","30","29","1279","2013-01-0505:14:09"
"0","1280","49","33","1280","2020-09-0102:01:37"
"1","1281","25","150","1281","2017-04-2223:03:58"
"2","1282","36","31","1282","1992-10-2709:15:58"
"3","1283","23","68","1283","2001-08-1603:00:52"
"4","1284","40","50","1284","1973-02-1501:27:17"
"5","1285","18","14","1285","2015-12-1600:57:03"
"6","1286","17","116","1286","2008-09-2510:30:18"
"7","1287","37","157","1287","1986-11-1001:17:58"
"8","1288","11","90","1288","1990-06-2011:52:44"
"9","1289","0","162","1289","2016-08-1616:21:43"
"0","1290","25","3","1290","2010-08-1817:45:26"
"1","1291","8","8","1291","1994-04-0705:48:56"
"2","1292","46","64","1292","1987-12-0102:52:07"
"3","1293","2","141","1293","1994-04-0723:58:38"
"4","1294","11","2","1294","1981-03-3117:23:38"
"5","1295","45","195","1295","2001-07-0115:51:42"
"6","1296","26","21","1296","1993-01-0504:47:40"
"7","1297","1","44","1297","2017-12-1921:00:09"
"8","1298","10","135","1298","1983-01-1213:47:16"
"9","1299","22","53","1299","1993-05-2904:10:16"
"0","1300","12","73","1300","1988-09-0720:31:14"
"1","1301","25","125","1301","1990-05-1805:33:26"
"2","1302","16","95","1302","1979-02-0520:18:18"
"3","1303","48","100","1303","1975-04-1023:58:42"
"4","1304","3","167","1304","2019-07-2615:21:24"
"5","1305","30","49","1305","2003-11-2621:09:29"
"6","1306","9","46","1306","2019-12-3121:46:33"
"7","1307","31","175","1307","1993-03-1416:01:58"
"8","1308","48","76","1308","2019-04-0808:34:10"
"9","1309","21","148","1309","1998-10-0115:02:32"
"0","1310","24","157","1310","1991-03-1221:27:17"
"1","1311","1","93","1311","1976-04-2407:59:56"
"2","1312","1","124","1312","2001-03-2312:21:25"
"3","1313","33","26","1313","1972-06-1905:35:13"
"4","1314","29","160","1314","2019-09-2622:34:41"
"5","1315","31","170","1315","1988-09-1806:55:33"
"6","1316","42","110","1316","1990-12-0322:04:49"
"7","1317","29","181","1317","1989-02-1623:26:39"
"8","1318","17","87","1318","2008-02-2501:19:29"
"9","1319","33","18","1319","1980-02-2103:31:31"
"0","1320","9","107","1320","1990-03-2505:06:26"
"1","1321","26","179","1321","1976-03-2314:16:36"
"2","1322","48","126","1322","1980-08-2501:22:44"
"3","1323","28","155","1323","1976-11-2122:14:16"
"4","1324","28","169","1324","2005-10-3108:54:08"
"5","1325","43","128","1325","1980-01-1612:11:32"
"6","1326","30","122","1326","1998-04-1705:05:45"
"7","1327","37","174","1327","1991-05-0221:29:11"
"8","1328","46","147","1328","1990-01-0409:19:43"
"9","1329","23","196","1329","1990-01-0416:45:09"
"0","1330","24","154","1330","1985-08-2015:42:27"
"1","1331","42","42","1331","1988-06-2209:30:12"
"2","1332","34","68","1332","2017-09-2001:27:34"
"3","1333","15","134","1333","1992-04-1108:14:01"
"4","1334","39","144","1334","2001-03-1110:17:16"
"5","1335","31","101","1335","2002-01-2514:35:03"
"6","1336","13","138","1336","1991-01-0722:56:10"
"7","1337","15","65","1337","2020-06-0119:33:50"
"8","1338","30","3","1338","1973-07-0703:12:15"
"9","1339","2","193","1339","1977-03-0705:48:13"
"0","1340","23","200","1340","1982-09-2513:12:00"
"1","1341","45","117","1341","1982-08-3010:12:52"
"2","1342","11","91","1342","2008-09-0412:26:58"
"3","1343","22","130","1343","1988-02-1523:05:10"
"4","1344","35","53","1344","1973-08-0122:30:22"
"5","1345","47","121","1345","2010-11-0816:11:24"
"6","1346","35","85","1346","2012-12-1115:04:55"
"7","1347","7","160","1347","1985-09-3003:42:28"
"8","1348","44","98","1348","1994-03-0503:48:11"
"9","1349","2","111","1349","1997-04-2703:04:48"
"0","1350","5","164","1350","2015-09-0904:31:52"
"1","1351","44","91","1351","1979-01-1211:04:35"
"2","1352","46","200","1352","2011-07-0400:19:47"
"3","1353","13","2","1353","1975-09-2116:54:07"
"4","1354","27","192","1354","1999-03-1811:45:15"
"5","1355","2","189","1355","1997-05-0415:15:39"
"6","1356","19","78","1356","1995-03-2100:22:41"
"7","1357","16","3","1357","1981-07-2616:37:05"
"8","1358","15","86","1358","1985-11-2313:22:47"
"9","1359","44","150","1359","1993-09-0403:00:21"
"0","1360","10","12","1360","1989-01-2612:14:08"
"1","1361","4","183","1361","1997-11-1509:09:04"
"2","1362","6","84","1362","1995-07-1109:34:44"
"3","1363","42","171","1363","2009-03-1519:19:06"
"4","1364","3","165","1364","2001-04-1922:26:27"
"5","1365","39","32","1365","2013-03-0805:30:53"
"6","1366","15","176","1366","1982-11-2716:08:22"
"7","1367","31","104","1367","2005-07-0103:37:06"
"8","1368","11","87","1368","1993-06-1320:44:44"
"9","1369","49","6","1369","1984-09-1611:57:53"
"0","1370","35","164","1370","1999-10-2509:47:23"
"1","1371","9","176","1371","2010-04-2307:23:18"
"2","1372","39","193","1372","1991-04-0312:37:41"
"3","1373","25","193","1373","2006-05-1323:52:52"
"4","1374","29","191","1374","2011-07-3108:48:38"
"5","1375","18","164","1375","2015-11-0701:26:48"
"6","1376","15","77","1376","2002-11-1520:07:14"
"7","1377","21","96","1377","1970-02-0402:00:23"
"8","1378","49","134","1378","1995-12-2407:47:26"
"9","1379","41","118","1379","1993-08-1812:17:19"
"0","1380","48","18","1380","1971-08-0611:46:42"
"1","1381","20","50","1381","1974-10-1702:29:35"
"2","1382","31","59","1382","2013-07-2706:04:22"
"3","1383","31","10","1383","1981-06-0908:36:16"
"4","1384","32","61","1384","1979-07-0615:49:37"
"5","1385","12","57","1385","1987-12-3116:18:05"
"6","1386","20","182","1386","2019-03-0909:05:06"
"7","1387","10","97","1387","1995-04-1007:06:17"
"8","1388","7","159","1388","1999-06-3019:22:58"
"9","1389","15","184","1389","1981-05-2819:11:35"
"0","1390","36","190","1390","1971-04-2613:40:24"
"1","1391","0","92","1391","2018-07-1507:44:29"
"2","1392","36","182","1392","1988-08-2216:39:20"
"3","1393","15","175","1393","1992-08-2205:35:19"
"4","1394","25","113","1394","2008-12-2203:37:18"
"5","1395","34","43","1395","2019-12-0219:06:17"
"6","1396","1","37","1396","1990-09-2603:47:27"
"7","1397","22","94","1397","1978-08-2010:40:45"
"8","1398","17","141","1398","2019-08-1813:39:05"
"9","1399","25","131","1399","1989-10-1615:09:44"
"0","1400","48","81","1400","2013-08-0713:00:38"
"1","1401","5","154","1401","1975-03-2818:57:23"
"2","1402","33","149","1402","2007-02-1623:36:37"
"3","1403","41","74","1403","1995-06-1409:15:37"
"4","1404","33","140","1404","2013-02-2714:13:46"
"5","1405","21","70","1405","2019-05-1214:58:34"
"6","1406","43","2","1406","1991-12-2323:26:11"
"7","1407","38","79","1407","2021-07-1104:53:56"
"8","1408","32","22","1408","1991-01-1810:51:19"
"9","1409","5","125","1409","1994-08-1807:23:19"
"0","1410","11","128","1410","1979-06-0703:02:14"
"1","1411","38","155","1411","2004-03-2505:26:11"
"2","1412","38","164","1412","2005-12-1010:04:26"
"3","1413","22","67","1413","2007-02-1917:11:40"
"4","1414","40","95","1414","1989-01-1122:21:35"
"5","1415","2","59","1415","1979-09-2802:15:01"
"6","1416","30","26","1416","1986-04-2019:44:26"
"7","1417","26","131","1417","1989-06-1002:08:37"
"8","1418","8","130","1418","2006-10-1400:38:42"
"9","1419","14","33","1419","1998-04-2913:01:40"
"0","1420","50","12","1420","1974-12-3100:58:41"
"1","1421","11","17","1421","2017-04-0817:21:32"
"2","1422","34","0","1422","1971-07-3005:18:27"
"3","1423","21","15","1423","1997-08-2808:52:46"
"4","1424","36","187","1424","2009-01-0300:47:51"
"5","1425","3","5","1425","2020-09-2504:10:45"
"6","1426","0","14","1426","1979-07-0809:27:25"
"7","1427","27","8","1427","1988-08-0406:49:06"
"8","1428","17","86","1428","1991-11-0510:51:46"
"9","1429","0","200","1429","2016-06-2613:48:59"
"0","1430","0","156","1430","1971-04-1708:53:56"
"1","1431","10","143","1431","1990-06-2821:25:24"
"2","1432","10","120","1432","2005-08-1508:08:37"
"3","1433","15","68","1433","1982-03-2219:54:19"
"4","1434","28","148","1434","2006-05-1604:38:20"
"5","1435","12","133","1435","1984-11-0820:54:49"
"6","1436","9","59","1436","1993-05-1800:30:26"
"7","1437","20","53","1437","1983-10-0217:13:04"
"8","1438","12","15","1438","1990-08-1001:26:09"
"9","1439","35","142","1439","2010-06-1600:37:40"
"0","1440","1","115","1440","2020-07-3014:07:35"
"1","1441","16","84","1441","1997-03-0400:55:26"
"2","1442","6","104","1442","1982-09-2702:25:49"
"3","1443","28","4","1443","1996-01-0213:47:54"
"4","1444","25","47","1444","1994-06-0414:20:16"
"5","1445","4","163","1445","1975-05-0718:19:31"
"6","1446","9","194","1446","1987-06-2014:29:58"
"7","1447","11","55","1447","1987-03-1200:20:58"
"8","1448","15","45","1448","1979-11-3011:54:36"
"9","1449","3","25","1449","1970-09-3000:02:54"
"0","1450","44","80","1450","2004-11-1321:14:39"
"1","1451","7","185","1451","1991-04-2316:08:15"
"2","1452","42","16","1452","1976-12-2201:44:08"
"3","1453","7","113","1453","2011-02-2715:47:07"
"4","1454","2","59","1454","1980-08-0214:25:05"
"5","1455","14","191","1455","2013-04-2708:07:51"
"6","1456","2","88","1456","1999-04-2111:56:46"
"7","1457","4","150","1457","1990-03-0908:11:37"
"8","1458","10","113","1458","1983-12-3114:17:37"
"9","1459","34","58","1459","1971-10-2616:22:27"
"0","1460","6","47","1460","1977-02-0702:15:34"
"1","1461","10","14","1461","2014-02-2204:39:51"
"2","1462","38","13","1462","2012-04-1611:31:34"
"3","1463","5","186","1463","1997-08-2114:49:43"
"4","1464","48","22","1464","1981-10-2916:39:40"
"5","1465","11","190","1465","2002-10-0303:57:42"
"6","1466","36","73","1466","1984-08-0813:16:55"
"7","1467","26","64","1467","1995-07-2114:12:03"
"8","1468","44","108","1468","1985-02-2615:06:27"
"9","1469","36","63","1469","1989-02-2513:53:11"
"0","1470","37","8","1470","2016-02-2501:34:04"
"1","1471","39","64","1471","1986-06-1906:31:15"
"2","1472","16","49","1472","2007-02-1201:51:00"
"3","1473","18","89","1473","1994-11-0310:39:59"
"4","1474","39","116","1474","2013-02-0508:04:30"
"5","1475","44","168","1475","1972-08-2107:14:14"
"6","1476","19","157","1476","1984-11-1620:15:56"
"7","1477","19","173","1477","1988-09-0501:40:02"
"8","1478","21","22","1478","1999-06-0800:52:07"
"9","1479","42","62","1479","1988-12-2210:27:26"
"0","1480","44","125","1480","2001-06-0113:58:52"
"1","1481","46","87","1481","2015-09-0604:17:58"
"2","1482","30","45","1482","2019-10-1809:22:54"
"3","1483","5","166","1483","2003-06-2013:07:26"
"4","1484","3","61","1484","2021-09-1120:04:12"
"5","1485","40","197","1485","2000-06-1901:20:29"
"6","1486","45","111","1486","1996-12-3004:54:27"
"7","1487","27","70","1487","2003-12-1018:59:29"
"8","1488","47","77","1488","1976-01-0512:26:11"
"9","1489","38","85","1489","1990-06-1115:06:53"
"0","1490","20","94","1490","2015-05-2803:07:32"
"1","1491","18","116","1491","1993-07-2511:16:41"
"2","1492","16","90","1492","1986-12-2505:54:12"
"3","1493","49","101","1493","1977-06-1211:18:20"
"4","1494","26","120","1494","2019-07-1622:59:09"
"5","1495","18","4","1495","2012-07-1121:37:44"
"6","1496","15","32","1496","1977-02-2320:51:23"
"7","1497","15","43","1497","1979-03-2113:41:21"
"8","1498","6","145","1498","1985-04-2917:29:09"
"9","1499","36","140","1499","2012-08-2319:28:46"
"0","1500","7","186","1500","1987-08-1818:53:17"
"1","1501","23","42","1501","1988-03-2109:32:06"
"2","1502","32","165","1502","1990-01-1400:56:31"
"3","1503","6","38","1503","1986-11-1111:04:43"
"4","1504","4","41","1504","1984-02-2710:59:27"
"5","1505","12","156","1505","1973-11-2407:52:25"
"6","1506","18","60","1506","2017-01-0111:59:10"
"7","1507","16","165","1507","2000-08-2123:47:24"
"8","1508","14","43","1508","1992-05-0122:29:39"
"9","1509","15","121","1509","1973-01-0708:58:53"
"0","1510","21","19","1510","1978-10-2213:35:36"
"1","1511","28","39","1511","1978-08-3101:42:33"
"2","1512","45","90","1512","2020-07-0312:05:38"
"3","1513","46","115","1513","1975-01-0722:54:10"
"4","1514","43","27","1514","2016-04-2222:27:23"
"5","1515","35","39","1515","1970-03-1423:39:40"
"6","1516","3","80","1516","1979-03-0621:52:56"
"7","1517","9","175","1517","1992-03-0117:47:35"
"8","1518","27","122","1518","2017-11-0317:49:25"
"9","1519","2","8","1519","1988-01-2804:36:42"
"0","1520","48","185","1520","1991-07-0508:41:30"
"1","1521","33","49","1521","2006-10-0419:41:41"
"2","1522","37","91","1522","1994-06-2823:38:45"
"3","1523","25","93","1523","1991-01-1218:56:00"
"4","1524","43","90","1524","2018-12-0202:53:19"
"5","1525","25","200","1525","1983-12-1220:16:43"
"6","1526","41","160","1526","1994-01-3123:29:21"
"7","1527","19","170","1527","2003-12-3000:50:27"
"8","1528","33","87","1528","1989-02-1718:09:02"
"9","1529","9","30","1529","1994-09-0615:43:17"
"0","1530","1","96","1530","1998-08-3123:37:57"
"1","1531","45","69","1531","2005-08-1022:37:21"
"2","1532","36","157","1532","2007-08-1605:30:02"
"3","1533","3","53","1533","1993-03-0617:23:11"
"4","1534","42","63","1534","1988-08-0503:32:07"
"5","1535","16","77","1535","2016-01-2404:23:13"
"6","1536","20","144","1536","1979-02-2303:26:52"
"7","1537","18","62","1537","1998-09-2805:27:55"
"8","1538","2","197","1538","2020-04-1117:31:03"
"9","1539","48","59","1539","1992-10-2307:58:46"
"0","1540","35","74","1540","2007-09-2511:38:09"
"1","1541","0","145","1541","2003-05-2501:35:51"
"2","1542","4","50","1542","1998-11-2808:07:32"
"3","1543","11","34","1543","1982-01-1307:42:52"
"4","1544","25","94","1544","1997-06-1207:16:37"
"5","1545","7","68","1545","2021-06-1408:42:16"
"6","1546","11","41","1546","1994-01-3123:27:52"
"7","1547","15","19","1547","2003-09-2319:27:13"
"8","1548","26","146","1548","1991-09-0321:17:24"
"9","1549","46","130","1549","2009-04-0301:44:22"
"0","1550","30","138","1550","1972-11-1212:25:51"
"1","1551","40","138","1551","1971-06-2802:58:44"
"2","1552","44","110","1552","1977-09-1307:22:11"
"3","1553","29","112","1553","1995-12-2619:59:26"
"4","1554","24","131","1554","2003-06-1523:04:28"
"5","1555","26","46","1555","1982-10-1518:48:38"
"6","1556","10","91","1556","2003-09-2002:33:13"
"7","1557","41","110","1557","1972-05-1205:33:41"
"8","1558","14","18","1558","1974-06-0217:14:56"
"9","1559","11","52","1559","2011-02-2711:33:38"
"0","1560","7","195","1560","2012-01-1819:30:47"
"1","1561","39","34","1561","1972-01-1722:21:06"
"2","1562","1","53","1562","1975-06-1001:59:51"
"3","1563","24","41","1563","1997-05-0820:30:34"
"4","1564","9","92","1564","2005-09-0408:52:42"
"5","1565","40","12","1565","2010-06-3006:17:09"
"6","1566","4","92","1566","1992-09-1817:21:55"
"7","1567","12","156","1567","2006-06-1816:42:02"
"8","1568","35","173","1568","1984-03-0914:50:49"
"9","1569","4","54","1569","1974-02-0402:45:25"
"0","1570","32","112","1570","2006-05-2409:09:43"
"1","1571","10","167","1571","1981-07-0113:35:49"
"2","1572","17","154","1572","2021-03-0711:26:10"
"3","1573","29","42","1573","2018-10-0308:27:40"
"4","1574","42","176","1574","2010-09-2601:19:53"
"5","1575","36","171","1575","2006-09-0119:11:33"
"6","1576","11","4","1576","1984-08-1910:15:04"
"7","1577","45","80","1577","1990-08-1619:09:35"
"8","1578","28","122","1578","2005-10-2808:55:51"
"9","1579","46","9","1579","1989-11-1605:53:41"
"0","1580","43","13","1580","1977-01-0303:19:29"
"1","1581","25","93","1581","2010-10-2308:22:03"
"2","1582","17","143","1582","2004-09-0114:25:46"
"3","1583","24","34","1583","1985-10-1802:17:41"
"4","1584","26","17","1584","2016-07-1916:39:47"
"5","1585","34","81","1585","1998-09-1001:00:44"
"6","1586","47","189","1586","2016-10-2312:41:05"
"7","1587","34","145","1587","2007-03-1007:57:46"
"8","1588","30","79","1588","2002-06-2117:30:45"
"9","1589","45","81","1589","2014-09-2902:46:24"
"0","1590","29","200","1590","1983-05-0720:04:18"
"1","1591","24","22","1591","1980-05-1219:53:15"
"2","1592","21","86","1592","1986-06-1609:55:13"
"3","1593","13","18","1593","1990-09-0806:59:54"
"4","1594","33","16","1594","2002-11-2211:54:39"
"5","1595","43","165","1595","1993-10-2122:49:24"
"6","1596","0","82","1596","1990-07-2815:17:22"
"7","1597","46","46","1597","2009-07-2405:32:19"
"8","1598","11","83","1598","1997-08-1509:25:17"
"9","1599","13","80","1599","1989-10-2213:50:57"
"0","1600","44","64","1600","1979-02-0103:32:25"
"1","1601","48","78","1601","1993-09-2811:43:33"
"2","1602","21","124","1602","1994-12-0415:53:43"
"3","1603","15","3","1603","2014-01-2520:19:40"
"4","1604","32","41","1604","1978-11-2721:16:39"
"5","1605","2","74","1605","2012-01-1203:00:53"
"6","1606","22","29","1606","1984-08-0304:14:59"
"7","1607","47","110","1607","1972-03-2202:54:57"
"8","1608","11","156","1608","1982-09-0621:54:54"
"9","1609","18","71","1609","1974-04-0321:09:42"
"0","1610","33","196","1610","2009-04-0410:40:57"
"1","1611","28","184","1611","1997-06-1011:11:30"
"2","1612","29","126","1612","2019-07-2214:09:28"
"3","1613","31","72","1613","1988-07-2908:18:52"
"4","1614","34","65","1614","2020-03-2014:15:57"
"5","1615","16","44","1615","1986-08-2722:44:58"
"6","1616","18","36","1616","2018-05-1017:08:34"
"7","1617","20","24","1617","2019-11-2404:13:07"
"8","1618","26","91","1618","1984-05-2103:49:38"
"9","1619","29","190","1619","2019-12-2206:09:04"
"0","1620","44","178","1620","1985-08-2523:52:42"
"1","1621","20","49","1621","2019-10-1119:10:12"
"2","1622","7","115","1622","1990-12-0200:43:15"
"3","1623","49","123","1623","2005-10-2304:50:29"
"4","1624","12","178","1624","2014-06-2105:02:25"
"5","1625","37","9","1625","1974-05-0911:41:47"
"6","1626","12","163","1626","2011-02-1003:31:14"
"7","1627","37","20","1627","1979-08-1200:19:20"
"8","1628","1","18","1628","1984-02-1205:55:49"
"9","1629","25","132","1629","2006-05-1107:49:30"
"0","1630","29","120","1630","1998-01-0322:50:30"
"1","1631","35","123","1631","1980-07-2203:30:19"
"2","1632","46","83","1632","2016-10-2305:29:48"
"3","1633","40","133","1633","2013-05-0507:07:34"
"4","1634","28","43","1634","1983-05-1913:57:12"
"5","1635","25","181","1635","2018-10-2615:35:54"
"6","1636","0","101","1636","2016-08-0822:47:11"
"7","1637","28","98","1637","1997-06-2920:59:10"
"8","1638","28","185","1638","1988-08-1714:52:51"
"9","1639","23","189","1639","1972-10-1716:13:10"
"0","1640","30","42","1640","2012-11-3009:34:52"
"1","1641","19","150","1641","2007-11-2807:08:47"
"2","1642","43","13","1642","1995-03-1318:24:38"
"3","1643","18","185","1643","1970-03-0800:36:50"
"4","1644","22","90","1644","2015-07-0400:20:26"
"5","1645","35","60","1645","1996-12-2108:09:35"
"6","1646","33","165","1646","1976-08-2109:39:46"
"7","1647","15","139","1647","1972-12-2715:28:04"
"8","1648","22","22","1648","2001-11-2204:58:12"
"9","1649","44","194","1649","1996-05-2502:23:30"
"0","1650","9","91","1650","2008-02-1801:42:51"
"1","1651","6","41","1651","2009-06-1509:57:31"
"2","1652","47","113","1652","2008-01-2904:00:29"
"3","1653","48","11","1653","2012-10-1514:05:12"
"4","1654","29","93","1654","2004-08-2209:47:23"
"5","1655","49","86","1655","2003-03-2615:01:02"
"6","1656","29","44","1656","2019-09-1307:27:28"
"7","1657","24","125","1657","2014-12-2404:17:50"
"8","1658","29","2","1658","2006-02-2611:26:14"
"9","1659","45","59","1659","1993-07-0601:05:47"
"0","1660","3","156","1660","2015-02-1911:39:09"
"1","1661","33","113","1661","2005-08-3123:12:53"
"2","1662","26","41","1662","2001-08-1219:38:33"
"3","1663","20","53","1663","1991-11-2901:42:14"
"4","1664","6","119","1664","1997-01-2600:20:05"
"5","1665","13","80","1665","1989-04-2010:14:17"
"6","1666","8","35","1666","1972-09-0206:10:01"
"7","1667","6","84","1667","1971-08-2519:31:41"
"8","1668","41","46","1668","2011-10-0416:18:06"
"9","1669","31","189","1669","1973-12-2209:27:29"
"0","1670","15","135","1670","1992-08-0114:03:50"
"1","1671","28","59","1671","1990-05-1102:50:04"
"2","1672","21","180","1672","2000-04-1923:19:24"
"3","1673","23","119","1673","1985-07-1012:03:18"
"4","1674","28","130","1674","2013-06-1916:39:27"
"5","1675","8","79","1675","1983-07-1514:30:57"
"6","1676","31","133","1676","1987-05-1617:17:05"
"7","1677","48","129","1677","2007-05-2905:53:49"
"8","1678","30","79","1678","2008-02-0300:01:52"
"9","1679","14","52","1679","1974-09-1314:46:29"
"0","1680","7","172","1680","2000-06-1117:17:00"
"1","1681","0","174","1681","2008-07-0601:02:53"
"2","1682","6","87","1682","2004-01-2522:52:35"
"3","1683","19","108","1683","1994-04-2001:10:26"
"4","1684","33","182","1684","1988-03-2308:04:02"
"5","1685","37","131","1685","2016-06-1115:06:38"
"6","1686","31","45","1686","2016-01-1602:20:22"
"7","1687","23","112","1687","1975-06-2519:59:28"
"8","1688","22","136","1688","1986-05-3022:21:51"
"9","1689","42","93","1689","2018-07-3009:39:24"
"0","1690","2","52","1690","1982-03-0712:14:37"
"1","1691","36","21","1691","2021-02-0421:05:16"
"2","1692","4","27","1692","2008-05-2514:25:34"
"3","1693","19","137","1693","2011-05-1602:13:59"
"4","1694","22","35","1694","1998-04-1005:06:57"
"5","1695","9","101","1695","2001-11-2903:24:23"
"6","1696","22","121","1696","1995-10-2515:04:16"
"7","1697","43","133","1697","1987-12-0802:57:51"
"8","1698","1","151","1698","2008-12-0411:13:05"
"9","1699","9","150","1699","1998-01-1310:57:38"
"0","1700","23","151","1700","1975-08-0916:42:01"
"1","1701","19","125","1701","2001-06-0617:07:56"
"2","1702","46","74","1702","1984-09-2700:49:39"
"3","1703","39","89","1703","2012-01-0319:08:07"
"4","1704","8","193","1704","2018-07-2320:28:58"
"5","1705","13","153","1705","1981-10-0311:56:32"
"6","1706","44","46","1706","1975-01-1610:54:51"
"7","1707","1","198","1707","1977-11-1016:09:11"
"8","1708","3","142","1708","1974-07-0823:04:37"
"9","1709","3","171","1709","2011-10-1603:16:53"
"0","1710","11","140","1710","1998-05-0823:51:47"
"1","1711","43","114","1711","1972-11-2209:53:26"
"2","1712","22","81","1712","1971-04-2714:58:06"
"3","1713","45","85","1713","2017-08-2518:59:27"
"4","1714","5","190","1714","2008-05-2003:24:26"
"5","1715","2","99","1715","1986-01-2101:34:45"
"6","1716","23","191","1716","1998-05-0603:30:49"
"7","1717","47","71","1717","2002-04-0706:24:40"
"8","1718","23","104","1718","2017-10-2504:43:15"
"9","1719","25","84","1719","1987-01-1204:18:58"
"0","1720","8","24","1720","1988-06-1400:27:02"
"1","1721","27","102","1721","1987-08-1906:26:28"
"2","1722","45","109","1722","1999-02-1601:32:14"
"3","1723","37","157","1723","2021-11-0902:57:55"
"4","1724","25","122","1724","2004-02-0412:28:20"
"5","1725","16","38","1725","1971-08-1617:01:28"
"6","1726","17","37","1726","1986-12-1011:33:32"
"7","1727","31","35","1727","1980-05-1100:44:18"
"8","1728","11","49","1728","2016-07-0716:32:10"
"9","1729","45","55","1729","1999-01-1709:25:50"
"0","1730","33","116","1730","2005-08-1113:43:21"
"1","1731","5","39","1731","2009-06-2003:46:19"
"2","1732","5","178","1732","1970-03-3119:42:04"
"3","1733","2","108","1733","2004-11-1112:59:48"
"4","1734","7","116","1734","2007-06-1504:45:40"
"5","1735","28","95","1735","2002-08-2717:35:09"
"6","1736","48","82","1736","2012-12-1300:14:00"
"7","1737","20","71","1737","1977-08-1914:11:17"
"8","1738","19","3","1738","1976-03-2520:34:40"
"9","1739","36","124","1739","2014-11-0801:35:56"
"0","1740","15","114","1740","1984-04-1303:11:22"
"1","1741","36","189","1741","1999-07-2506:29:19"
"2","1742","32","77","1742","1974-04-1310:09:16"
"3","1743","19","148","1743","2009-04-2315:19:03"
"4","1744","43","80","1744","2002-12-1113:13:30"
"5","1745","14","192","1745","2012-01-1216:36:33"
"6","1746","5","44","1746","2019-05-1711:29:05"
"7","1747","9","125","1747","2020-08-1322:16:36"
"8","1748","7","114","1748","1990-05-2401:02:18"
"9","1749","5","117","1749","2001-04-3014:11:53"
"0","1750","6","137","1750","1985-07-2001:20:25"
"1","1751","16","137","1751","2019-08-0909:04:06"
"2","1752","42","80","1752","1975-10-2803:01:41"
"3","1753","48","126","1753","1984-07-1616:19:12"
"4","1754","28","173","1754","2007-01-0803:27:26"
"5","1755","17","162","1755","1977-08-2904:03:58"
"6","1756","29","185","1756","2008-11-2106:22:50"
"7","1757","28","81","1757","1986-09-0800:37:10"
"8","1758","40","151","1758","1994-02-1204:29:15"
"9","1759","16","118","1759","2014-05-1308:36:53"
"0","1760","35","124","1760","1990-01-2518:30:16"
"1","1761","42","100","1761","2015-11-3020:07:53"
"2","1762","46","137","1762","1974-07-2117:44:02"
"3","1763","8","55","1763","2014-06-2908:58:44"
"4","1764","27","61","1764","2001-10-2305:08:20"
"5","1765","43","51","1765","1986-07-0823:20:08"
"6","1766","47","152","1766","1982-01-3003:27:48"
"7","1767","2","62","1767","1988-10-2716:24:19"
"8","1768","16","199","1768","1994-06-0918:44:56"
"9","1769","38","158","1769","2012-11-3023:51:52"
"0","1770","16","15","1770","1997-06-2623:13:06"
"1","1771","48","107","1771","1985-11-2001:47:27"
"2","1772","17","7","1772","1980-07-0706:55:20"
"3","1773","18","92","1773","2014-04-1416:51:47"
"4","1774","30","153","1774","1975-05-0620:20:10"
"5","1775","44","169","1775","1994-07-2107:03:50"
"6","1776","10","104","1776","1993-11-2205:42:15"
"7","1777","46","73","1777","2003-09-1617:25:07"
"8","1778","16","57","1778","1986-06-0913:36:42"
"9","1779","35","101","1779","1975-02-2321:49:07"
"0","1780","34","98","1780","1978-08-2507:25:12"
"1","1781","8","198","1781","2001-08-0723:31:46"
"2","1782","19","2","1782","1989-01-0901:48:41"
"3","1783","46","166","1783","2005-04-2900:14:08"
"4","1784","30","89","1784","1998-05-2113:26:34"
"5","1785","39","200","1785","1976-02-2313:13:00"
"6","1786","42","157","1786","2007-09-1320:56:34"
"7","1787","11","56","1787","1982-10-1902:53:49"
"8","1788","42","16","1788","1990-03-2122:03:09"
"9","1789","16","156","1789","2002-01-2021:04:49"
"0","1790","10","98","1790","2011-09-2101:20:25"
"1","1791","44","181","1791","1972-05-1012:22:23"
"2","1792","4","75","1792","1999-11-2014:14:35"
"3","1793","0","111","1793","1979-03-1812:55:27"
"4","1794","4","89","1794","1992-04-0300:38:45"
"5","1795","48","104","1795","2002-04-1101:43:51"
"6","1796","5","39","1796","2010-07-1408:26:34"
"7","1797","40","136","1797","2014-12-2300:17:49"
"8","1798","41","187","1798","1978-10-0119:40:23"
"9","1799","38","45","1799","2015-12-2319:01:42"
"0","1800","7","87","1800","1988-12-2818:45:57"
"1","1801","22","96","1801","1986-01-1609:18:12"
"2","1802","27","83","1802","1984-04-0809:08:59"
"3","1803","48","163","1803","2014-04-2921:29:37"
"4","1804","26","179","1804","1985-06-1810:53:53"
"5","1805","48","70","1805","1995-12-0302:34:25"
"6","1806","9","53","1806","2016-12-0111:02:56"
"7","1807","8","40","1807","2016-09-1907:03:56"
"8","1808","8","137","1808","1987-06-3022:57:40"
"9","1809","6","37","1809","1973-01-1804:36:22"
"0","1810","29","113","1810","1984-08-2805:17:44"
"1","1811","6","133","1811","1988-03-1200:10:21"
"2","1812","6","110","1812","1979-04-2019:32:27"
"3","1813","31","85","1813","1988-05-1200:07:48"
"4","1814","35","187","1814","1987-11-0919:26:47"
"5","1815","16","174","1815","2008-11-1213:16:42"
"6","1816","7","152","1816","2010-11-0718:01:46"
"7","1817","18","5","1817","2016-12-0118:18:20"
"8","1818","8","199","1818","1981-06-0605:18:26"
"9","1819","12","57","1819","2003-05-0913:01:42"
"0","1820","25","177","1820","2011-07-0312:36:51"
"1","1821","25","151","1821","2009-07-2214:51:27"
"2","1822","47","8","1822","1995-03-1918:40:29"
"3","1823","4","166","1823","2013-07-1210:00:52"
"4","1824","27","34","1824","2006-11-0113:47:26"
"5","1825","28","120","1825","2015-07-2510:43:37"
"6","1826","10","36","1826","2019-04-0106:52:06"
"7","1827","36","92","1827","1992-10-2121:57:17"
"8","1828","14","35","1828","1973-05-1502:02:48"
"9","1829","17","189","1829","1981-03-2512:18:09"
"0","1830","19","16","1830","2006-08-0317:54:21"
"1","1831","1","121","1831","1970-12-0514:51:20"
"2","1832","23","135","1832","1988-11-2611:15:06"
"3","1833","36","50","1833","1971-06-2608:55:13"
"4","1834","10","61","1834","1979-12-0822:10:09"
"5","1835","46","176","1835","1978-06-1100:55:55"
"6","1836","36","1","1836","1990-10-0121:15:43"
"7","1837","15","178","1837","1978-06-2013:56:10"
"8","1838","13","10","1838","1986-07-2616:25:57"
"9","1839","9","132","1839","1983-03-1405:43:03"
"0","1840","40","18","1840","1989-03-2802:48:14"
"1","1841","41","27","1841","2011-12-1320:29:59"
"2","1842","43","197","1842","1990-10-1319:14:11"
"3","1843","44","28","1843","1997-06-0609:45:52"
"4","1844","16","102","1844","1993-07-1904:38:46"
"5","1845","22","26","1845","1993-06-2703:52:36"
"6","1846","47","183","1846","1979-09-2301:26:42"
"7","1847","26","147","1847","2003-08-1206:09:05"
"8","1848","33","181","1848","1978-03-0216:26:50"
"9","1849","34","123","1849","1978-03-2412:59:15"
"0","1850","7","71","1850","1997-07-1207:31:22"
"1","1851","19","110","1851","2018-12-1218:57:44"
"2","1852","17","165","1852","1980-02-1713:26:02"
"3","1853","19","192","1853","2005-10-0514:23:31"
"4","1854","22","105","1854","2001-11-2703:56:36"
"5","1855","49","94","1855","2010-10-0423:02:35"
"6","1856","47","140","1856","1986-12-2522:09:24"
"7","1857","10","52","1857","2007-04-2317:11:47"
"8","1858","7","16","1858","2006-11-1322:00:24"
"9","1859","12","60","1859","1978-10-0120:21:03"
"0","1860","12","5","1860","2008-03-1403:34:46"
"1","1861","20","171","1861","1976-01-2110:17:00"
"2","1862","40","116","1862","2001-12-1717:54:45"
"3","1863","22","157","1863","1971-12-1708:15:03"
"4","1864","4","145","1864","1998-01-1617:01:10"
"5","1865","8","13","1865","1999-10-1700:30:25"
"6","1866","0","134","1866","2021-02-0601:26:34"
"7","1867","22","11","1867","1996-11-2922:06:37"
"8","1868","21","71","1868","2016-12-1021:30:15"
"9","1869","44","33","1869","2012-04-0206:54:37"
"0","1870","35","60","1870","2013-08-1516:24:46"
"1","1871","33","197","1871","1991-03-0614:49:55"
"2","1872","46","95","1872","2003-10-2103:10:30"
"3","1873","39","106","1873","1989-03-1220:50:42"
"4","1874","29","87","1874","1988-02-1807:29:46"
"5","1875","2","191","1875","2001-04-1719:41:28"
"6","1876","23","129","1876","1980-05-1411:29:21"
"7","1877","35","33","1877","2020-01-1516:20:08"
"8","1878","18","133","1878","1976-05-2605:37:04"
"9","1879","3","149","1879","1996-02-1316:35:52"
"0","1880","6","89","1880","1997-10-1517:06:54"
"1","1881","32","62","1881","1994-03-1711:45:23"
"2","1882","6","163","1882","1983-06-0817:06:36"
"3","1883","48","111","1883","2001-10-1818:51:47"
"4","1884","41","38","1884","1990-12-0806:18:59"
"5","1885","18","4","1885","1982-04-0406:39:39"
"6","1886","7","33","1886","1970-08-2522:45:13"
"7","1887","1","73","1887","2011-11-1008:56:03"
"8","1888","32","120","1888","2021-07-1204:32:19"
"9","1889","24","6","1889","1979-07-0310:35:58"
"0","1890","38","17","1890","2019-04-1809:45:31"
"1","1891","22","150","1891","1985-08-2813:05:49"
"2","1892","24","23","1892","1984-08-1500:59:25"
"3","1893","30","139","1893","1976-05-2221:36:05"
"4","1894","4","128","1894","1993-01-1122:28:34"
"5","1895","27","32","1895","1977-04-2500:31:50"
"6","1896","36","172","1896","1990-07-1616:43:41"
"7","1897","32","100","1897","2003-12-2800:05:41"
"8","1898","27","154","1898","1978-08-2214:02:29"
"9","1899","12","104","1899","1978-04-1021:43:02"
"0","1900","19","133","1900","1986-09-1016:21:11"
"1","1901","42","122","1901","1981-05-3121:50:24"
"2","1902","16","187","1902","1971-04-2410:07:24"
"3","1903","5","112","1903","2011-07-1620:50:16"
"4","1904","10","17","1904","1974-12-1108:13:27"
"5","1905","31","151","1905","1977-03-2723:15:01"
"6","1906","18","178","1906","2003-01-2613:54:59"
"7","1907","4","26","1907","1981-05-2720:38:05"
"8","1908","5","90","1908","1990-08-1103:04:39"
"9","1909","5","50","1909","1979-09-2718:27:00"
"0","1910","33","176","1910","1990-12-1701:59:54"
"1","1911","4","151","1911","1984-07-2700:11:15"
"2","1912","26","0","1912","1981-04-0714:23:06"
"3","1913","46","110","1913","1970-03-1919:44:07"
"4","1914","4","60","1914","1989-08-2419:01:31"
"5","1915","24","78","1915","2012-12-0513:42:44"
"6","1916","3","156","1916","2019-07-0721:04:42"
"7","1917","21","146","1917","1971-09-1116:04:45"
"8","1918","15","143","1918","2016-06-3015:00:45"
"9","1919","32","100","1919","1986-02-0504:49:35"
"0","1920","34","10","1920","2005-01-2305:07:57"
"1","1921","1","152","1921","1990-03-2918:10:49"
"2","1922","46","70","1922","2015-09-1013:58:21"
"3","1923","24","158","1923","2006-10-1810:07:31"
"4","1924","11","112","1924","2010-03-0915:41:13"
"5","1925","46","68","1925","2006-12-1313:22:48"
"6","1926","39","82","1926","1974-07-0822:57:50"
"7","1927","22","122","1927","1984-02-0413:22:33"
"8","1928","2","136","1928","1995-01-3101:03:17"
"9","1929","26","68","1929","2008-02-1905:02:56"
"0","1930","38","44","1930","2017-05-1813:57:18"
"1","1931","22","180","1931","1987-10-0806:08:48"
"2","1932","15","116","1932","1982-09-1715:05:08"
"3","1933","30","149","1933","2007-07-1322:09:01"
"4","1934","16","46","1934","2017-10-1219:28:13"
"5","1935","49","130","1935","1974-08-1516:39:11"
"6","1936","20","168","1936","1972-04-2814:10:55"
"7","1937","49","194","1937","2014-10-1006:31:49"
"8","1938","35","170","1938","1991-12-3106:22:19"
"9","1939","35","105","1939","2009-03-0207:13:17"
"0","1940","30","143","1940","1981-12-0716:07:42"
"1","1941","24","101","1941","1982-10-2813:13:29"
"2","1942","32","192","1942","1985-05-0800:51:33"
"3","1943","15","56","1943","1997-01-2605:58:34"
"4","1944","3","4","1944","2017-02-0911:46:05"
"5","1945","25","37","1945","2017-07-3115:10:55"
"6","1946","42","29","1946","1994-11-1517:29:06"
"7","1947","13","92","1947","1996-10-1107:19:16"
"8","1948","40","79","1948","1979-10-2118:23:36"
"9","1949","45","138","1949","2011-11-0111:20:41"
"0","1950","7","77","1950","1981-09-1105:48:50"
"1","1951","25","27","1951","2016-07-2509:27:27"
"2","1952","23","35","1952","1979-09-0822:47:11"
"3","1953","22","9","1953","1978-08-2508:43:01"
"4","1954","37","120","1954","2007-11-0104:15:21"
"5","1955","46","145","1955","1978-07-0814:08:10"
"6","1956","27","83","1956","1983-10-1912:38:54"
"7","1957","6","95","1957","2016-11-1409:40:42"
"8","1958","49","182","1958","1981-03-1908:41:25"
"9","1959","27","3","1959","1992-03-2812:36:15"
"0","1960","39","51","1960","1972-12-2402:13:34"
"1","1961","31","68","1961","2018-04-0123:01:44"
"2","1962","40","16","1962","1997-10-1902:26:15"
"3","1963","14","118","1963","2005-07-0301:51:36"
"4","1964","33","3","1964","2020-09-0723:08:30"
"5","1965","37","68","1965","1996-03-0921:55:08"
"6","1966","35","128","1966","1998-04-1423:23:44"
"7","1967","28","5","1967","1970-08-1914:04:13"
"8","1968","5","102","1968","2009-10-0505:07:25"
"9","1969","35","25","1969","1985-08-2215:57:16"
"0","1970","30","82","1970","2004-08-2614:42:37"
"1","1971","32","158","1971","2012-12-1421:26:19"
"2","1972","35","178","1972","2018-01-2222:09:06"
"3","1973","47","146","1973","1972-05-1711:13:45"
"4","1974","4","114","1974","1995-10-0503:25:22"
"5","1975","25","156","1975","1986-03-0903:01:50"
"6","1976","17","135","1976","1994-01-1006:57:17"
"7","1977","44","150","1977","1986-04-2914:36:55"
"8","1978","2","173","1978","1970-02-0623:53:14"
"9","1979","8","48","1979","1996-05-1311:08:26"
"0","1980","31","14","1980","1996-03-0915:56:52"
"1","1981","41","29","1981","2010-11-0310:26:04"
"2","1982","6","10","1982","1998-08-3112:13:06"
"3","1983","27","142","1983","2018-08-1618:04:47"
"4","1984","38","78","1984","1995-09-2603:37:25"
"5","1985","10","200","1985","1974-08-0511:45:58"
"6","1986","27","41","1986","2007-10-1923:14:20"
"7","1987","11","38","1987","2020-12-1821:10:16"
"8","1988","4","55","1988","2012-04-2617:50:43"
"9","1989","18","128","1989","2002-04-0715:42:27"
"0","1990","43","176","1990","1988-04-1814:48:04"
"1","1991","22","144","1991","2017-08-2403:07:45"
"2","1992","31","68","1992","1978-02-2102:46:33"
"3","1993","14","34","1993","1970-07-1708:42:43"
"4","1994","41","147","1994","1978-02-1107:59:48"
"5","1995","3","63","1995","2019-12-2223:45:00"
"6","1996","13","152","1996","2000-12-2223:14:05"
"7","1997","47","14","1997","1995-06-0517:54:04"
"8","1998","22","5","1998","1980-01-0113:58:51"
"9","1999","49","156","1999","2006-01-1909:33:01"
